<record><header><identifier>oai:tms.ycba.yale.edu:450</identifier>
<datestamp>2016-03-17</datestamp>
<setSpec>ycba:ps</setSpec>
</header>
<metadata>
    <lido:lido 
 xmlns:lido="http://www.lido-schema.org" 
 xmlns:xsi="http://www.w3.org/2001/XMLSchema-instance" 
 xmlns:gml="http://www.opengis.net/gml"
 xsi:schemaLocation="http://www.lido-schema.org http://www.lido-schema.org/schema/v1.0/lido-v1.0.xsd">
    <lido:lidoRecID lido:source="Yale Center for British Art" lido:type="local">YCBA/lido-TMS-450</lido:lidoRecID>
 <lido:category> 
  <lido:conceptID lido:type="URI">http://www.cidoc-crm.org/crm-concepts/#E22</lido:conceptID>
        <lido:term xml:lang="eng">Man-Made Object</lido:term>
    </lido:category>
 
 <lido:descriptiveMetadata xml:lang="eng">
 
 
  <lido:objectClassificationWrap>
   
   <lido:objectWorkTypeWrap> 
    
    <lido:objectWorkType>
     <lido:conceptID lido:source="AAT" lido:type="Object name">300033618</lido:conceptID>
     <lido:term>painting</lido:term>
 
    </lido:objectWorkType>
    
    <lido:objectWorkType>
     <lido:conceptID lido:source="YCBA" lido:type="Genre">31</lido:conceptID>
     <lido:term>literary theme</lido:term>
 
    </lido:objectWorkType>
    
   </lido:objectWorkTypeWrap>
 
   
   <lido:classificationWrap>
   
    <lido:classification>
     <lido:conceptID lido:source="AAT" lido:type="Classification">300033618</lido:conceptID>
     <lido:term>Painting</lido:term>
    </lido:classification>
   
   </lido:classificationWrap>
 
  </lido:objectClassificationWrap>
  
  
  
  <lido:objectIdentificationWrap>
   
   
   <lido:titleWrap>
   
    <lido:titleSet lido:type="Repository title"> 
     <lido:appellationValue lido:pref="preferred" xml:lang="eng">The Cave of Despair</lido:appellationValue>
 
    </lido:titleSet>
   
    <lido:titleSet lido:type="Alternate title"> 
     <lido:appellationValue lido:pref="alternate" xml:lang="eng">The Cave of Despair from Spencer Windsor Castle
</lido:appellationValue>
 
    </lido:titleSet>
    
   </lido:titleWrap>
   
  
   
   <lido:inscriptionsWrap> 
                <lido:inscriptions lido:type="Inscription">
                    <lido:inscriptionTranscription></lido:inscriptionTranscription>
                </lido:inscriptions>
                
    
                <lido:inscriptions lido:type="Signature">
                    <lido:inscriptionTranscription>Signed and dated in black paint, right center: "B. West | Painted 1772"</lido:inscriptionTranscription>
                </lido:inscriptions>
            </lido:inscriptionsWrap>
   
            
            <lido:repositoryWrap>
                <lido:repositorySet lido:type="current">
                    
                    <lido:repositoryName>
        <lido:legalBodyID lido:source="ULAN" lido:type="local">500303557</lido:legalBodyID>
 
                        <lido:legalBodyName>
                            <lido:appellationValue>Yale Center for British Art</lido:appellationValue>
                        </lido:legalBodyName>
       <lido:legalBodyWeblink>http://britishart.yale.edu</lido:legalBodyWeblink>
 
                    </lido:repositoryName>
                    <lido:workID lido:type="inventory number">B1977.14.113</lido:workID>
     
                    
                 <lido:repositoryLocation>
     <lido:partOfPlace>
                        <lido:namePlaceSet>
                            <lido:appellationValue lido:label="On view or not">On view</lido:appellationValue>
                        </lido:namePlaceSet>
      <lido:gml>
                        <gml:Point>
                            <gml:coordinates/>
                        </gml:Point>
                        </lido:gml>
                    </lido:partOfPlace>
     
     <lido:partOfPlace>
      <lido:namePlaceSet>
       <lido:appellationValue lido:label="UnitPosition"></lido:appellationValue>
           
      </lido:namePlaceSet>
       <lido:gml>            
       <gml:Point>
        <gml:coordinates></gml:coordinates>
       </gml:Point>
       </lido:gml>
      </lido:partOfPlace>
       
     
        
      <lido:partOfPlace>
       <lido:namePlaceSet>
        <lido:appellationValue lido:label="UnitNumber"></lido:appellationValue>
  
       </lido:namePlaceSet>
       <lido:gml>            
        <gml:Point>
         <gml:coordinates></gml:coordinates>
        </gml:Point>
       </lido:gml>
      </lido:partOfPlace>
     
     
      <lido:partOfPlace>
       <lido:namePlaceSet>
        <lido:appellationValue lido:label="UnitType">Bay14</lido:appellationValue>
  
       </lido:namePlaceSet>
       <lido:gml>            
        <gml:Point>
         <gml:coordinates></gml:coordinates>
        </gml:Point>
       </lido:gml>
      </lido:partOfPlace>
     
     
      <lido:partOfPlace>
       <lido:namePlaceSet>
        <lido:appellationValue lido:label="SubSite">401</lido:appellationValue>
  
       </lido:namePlaceSet>
       <lido:gml>            
        <gml:Point>
        <gml:coordinates></gml:coordinates>
        </gml:Point>
       </lido:gml>
      </lido:partOfPlace>
      
     
     
      <lido:partOfPlace>
       <lido:namePlaceSet>
        <lido:appellationValue lido:label="Site">Yale Center for British Art</lido:appellationValue>
  
       </lido:namePlaceSet>
       <lido:gml>            
        <gml:Point>
         <gml:coordinates>41.3080060, -72.9306282</gml:coordinates>
 
        </gml:Point>
       </lido:gml>
      </lido:partOfPlace>
       
      <lido:partOfPlace> 
       <lido:placeID lido:source="TGN" lido:type="Geo location">7</lido:placeID>
       <lido:namePlaceSet>
        <lido:appellationValue>New Haven</lido:appellationValue>
           
       </lido:namePlaceSet>
       <lido:gml>            
        <gml:Point>
         <gml:coordinates>41.3000, -72.9160</gml:coordinates>
        </gml:Point>
       </lido:gml>
      </lido:partOfPlace>
   
                    </lido:repositoryLocation>
    
                </lido:repositorySet>
       </lido:repositoryWrap>
   
            <lido:displayStateEditionWrap>
    
    
    
            </lido:displayStateEditionWrap>
   
            <lido:objectMeasurementsWrap>
    
                
     
     
     <lido:objectMeasurementsSet>
      <lido:displayObjectMeasurements>Support (PTG): 24 x 30 inches (61 x 76.2 cm)</lido:displayObjectMeasurements>
     <lido:objectMeasurements>  
     
     
     <lido:measurementsSet>       
       <lido:measurementType>height</lido:measurementType>
       <lido:measurementUnit>cm</lido:measurementUnit>
  
       <lido:measurementValue>61.0</lido:measurementValue>
      </lido:measurementsSet>
         
      
     
     
     <lido:measurementsSet>       
       <lido:measurementType>width</lido:measurementType>
       <lido:measurementUnit>cm</lido:measurementUnit>
  
       <lido:measurementValue>76.2</lido:measurementValue>
      </lido:measurementsSet>
         
      
      
      <lido:extentMeasurements>Support (PTG)</lido:extentMeasurements>
  
      <lido:qualifierMeasurements></lido:qualifierMeasurements>
    
     </lido:objectMeasurements>
     </lido:objectMeasurementsSet>
     
       
     
       
            </lido:objectMeasurementsWrap>
   
  </lido:objectIdentificationWrap>
  
  
  <lido:eventWrap>
   <lido:eventSet>
    <lido:event>
    <lido:eventID lido:type="TMS">450</lido:eventID>
     <lido:eventType>
     <lido:conceptID lido:source="AAT" lido:type="local">300054713</lido:conceptID>
      <lido:term>production</lido:term>
                    </lido:eventType>
    
     
            
     <lido:eventActor>
     
      
       <lido:displayActorInRole>Benjamin West, 1738–1820, American, active in Britain (from 1763)</lido:displayActorInRole>
      
             
     
      <lido:actorInRole>   
                            <lido:actor lido:type="person"> 
                   <lido:actorID lido:source="YCBA" lido:type="local">39</lido:actorID>
 
        
           
                        
       <lido:nameActorSet>
          
                    
                                    <lido:appellationValue lido:pref="alternate">Benjamin West R. A.</lido:appellationValue>
         
          
                    
                                    <lido:appellationValue lido:pref="alternate">Benjamin West P. R. A.</lido:appellationValue>
         
          
                    
                                    <lido:appellationValue lido:pref="preferred">Benjamin West</lido:appellationValue>
         
        
       </lido:nameActorSet>
        
        
        
                                <lido:nationalityActor>
                                    <lido:term>American, active in Britain (from 1763)</lido:term>
                                </lido:nationalityActor>
        
        
                                <lido:vitalDatesActor>
         
                                    <lido:earliestDate lido:type="estimatedDate">1738</lido:earliestDate>
                                    
         
         <lido:latestDate lido:type="estimatedDate">1820</lido:latestDate>
         
                                </lido:vitalDatesActor>
        
           
        <lido:genderActor>male</lido:genderActor>
        
        
                            </lido:actor>
      
      
       <lido:roleActor>
        <lido:conceptID lido:source="AAT" lido:type="Object related role">300025103</lido:conceptID>
        <lido:term>Artist</lido:term>
       </lido:roleActor>
       
       
      
        
       <lido:roleActor>
               
        <lido:conceptID lido:source="AAT" lido:type="Life role">1</lido:conceptID>
        <lido:term>draftsman (artist)</lido:term>
        
       </lido:roleActor>
      
        
       <lido:roleActor>
               
        <lido:conceptID lido:source="AAT" lido:type="Life role">2</lido:conceptID>
        <lido:term>history painter</lido:term>
        
       </lido:roleActor>
      
      
      <lido:attributionQualifierActor></lido:attributionQualifierActor>
      </lido:actorInRole>
     </lido:eventActor>
                     
     
       
       
            
        
        
     
          <lido:culture>
     
      <lido:conceptID lido:source="AAT" lido:type="local">300111159</lido:conceptID>
      <lido:term>British</lido:term>
                    
     </lido:culture>
      
     
   
     
                    <lido:eventDate>
                        <lido:displayDate>1772</lido:displayDate>
                        <lido:date>
                            <lido:earliestDate>1772</lido:earliestDate>
                            <lido:latestDate>1772</lido:latestDate>
                        </lido:date>
                    </lido:eventDate>
                    
                    <lido:periodName>
      <lido:conceptID lido:type="local" lido:source="YCBA">22</lido:conceptID>
                        <lido:term>18th century</lido:term>
 
                    </lido:periodName>
     
           
      
     
     
     <lido:eventPlace lido:type="Place of Activity"> 
      <lido:displayPlace>Italy</lido:displayPlace>
       <lido:place>
       <lido:namePlaceSet> 
         <lido:appellationValue>Italy</lido:appellationValue>
       </lido:namePlaceSet>
       
       <lido:gml> 
                               <gml:Point> 
                                    <gml:coordinates>42.8330, 12.8330</gml:coordinates>
 
                                </gml:Point>
 
                            </lido:gml>
 
       <lido:placeClassification>
                                <lido:conceptID lido:source="TGN" lido:type="Place of Activity">1</lido:conceptID>
                            </lido:placeClassification>
       
       </lido:place>
      </lido:eventPlace>
      
      
     
     <lido:eventPlace lido:type="Birth place"> 
      <lido:displayPlace>Swarthmore</lido:displayPlace>
       <lido:place>
       <lido:namePlaceSet> 
         <lido:appellationValue>Swarthmore</lido:appellationValue>
       </lido:namePlaceSet>
       
       <lido:gml> 
                               <gml:Point> 
                                    <gml:coordinates>39.9000, -75.3500</gml:coordinates>
 
                                </gml:Point>
 
                            </lido:gml>
 
       <lido:placeClassification>
                                <lido:conceptID lido:source="TGN" lido:type="Birth place">7</lido:conceptID>
                            </lido:placeClassification>
       
       </lido:place>
      </lido:eventPlace>
      
      
     
     <lido:eventPlace lido:type="Death place"> 
      <lido:displayPlace>London</lido:displayPlace>
       <lido:place>
       <lido:namePlaceSet> 
         <lido:appellationValue>London</lido:appellationValue>
       </lido:namePlaceSet>
       
       <lido:gml> 
                               <gml:Point> 
                                    <gml:coordinates>51.5000, -0.1660</gml:coordinates>
 
                                </gml:Point>
 
                            </lido:gml>
 
       <lido:placeClassification>
                                <lido:conceptID lido:source="TGN" lido:type="Death place">7</lido:conceptID>
                            </lido:placeClassification>
       
       </lido:place>
      </lido:eventPlace>
      
        
      
      
                      
                    <lido:eventMaterialsTech>
                        <lido:displayMaterialsTech>Oil on canvas</lido:displayMaterialsTech>
      
     <lido:materialsTech>
       
      
                            <lido:termMaterialsTech>
                                <lido:conceptID lido:type="medium" lido:source="AAT">15050</lido:conceptID>
                                <lido:term>oil paint</lido:term>
                            </lido:termMaterialsTech>
 
      
       
      
                            <lido:termMaterialsTech>
                                <lido:conceptID lido:type="support" lido:source="AAT">14078</lido:conceptID>
                                <lido:term>canvas</lido:term>
                            </lido:termMaterialsTech>
 
      
       
      </lido:materialsTech>
                    </lido:eventMaterialsTech>
     
    </lido:event>
            </lido:eventSet>
   
   
   
   
            
                  
                
                   
     
                       
                    
               
           
   
   
   
  
   
<lido:eventSet> 
<lido:displayEvent>Benjamin West : Fidelia and Speranza</lido:displayEvent>
   
    <lido:event>
        <lido:eventID lido:type="local">219</lido:eventID>
 
        <lido:eventType>
            <lido:conceptID lido:type="local">300054766</lido:conceptID>
            <lido:term>exhibition</lido:term>
        </lido:eventType>
        <lido:eventName>
            <lido:appellationValue>Benjamin West : Fidelia and Speranza</lido:appellationValue>
   <lido:sourceAppellation>Yale Center for British Art</lido:sourceAppellation>
        </lido:eventName>
    
        
  
   
            <lido:eventActor>
                <lido:displayActorInRole>Timken Museum of Art </lido:displayActorInRole>
    <lido:actorInRole>
                    <lido:actor lido:type="">
                        <lido:actorID lido:source="TMS" lido:type="local">6885</lido:actorID>
                           
      
                        <lido:nameActorSet>
                            <lido:appellationValue lido:pref="preferred">Timken Museum of Art</lido:appellationValue>
                                <lido:sourceAppellation/>
                        </lido:nameActorSet>
      
                           
      
                           
      
                           
      
                           
      
                           
      
                           
      
                           
      
                           
      
                           
      
                          
                        
                        <lido:vitalDatesActor>
                            <lido:earliestDate lido:type="estimatedDate">0</lido:earliestDate>
                            <lido:latestDate lido:type="estimatedDate">0</lido:latestDate>
                        </lido:vitalDatesActor>
                        
                    </lido:actor>
         
      
      <lido:roleActor>
       <lido:conceptID lido:label="exhibition related constituent role" lido:source="YCBA" lido:type="local">64</lido:conceptID>
       <lido:term>Borrower</lido:term>
      </lido:roleActor>
      
         
      
         
      
         
      
         
      
         
      
         
      
         
      
         
      
            
                    </lido:actorInRole>
            </lido:eventActor>
            
   
            <lido:eventDate> 
                <lido:displayDate>2004-11-05 - 2005-02-27</lido:displayDate>
                <lido:date>
                    <lido:earliestDate>2004-11-05</lido:earliestDate>
                    <lido:latestDate>2005-02-27</lido:latestDate>
                </lido:date>
            </lido:eventDate>
 
            
            <lido:eventPlace>
                <lido:displayPlace>Timken Museum of Art</lido:displayPlace>
                <lido:place lido:geographicalEntity="geographic location">
                <lido:placeID lido:source="TGN" lido:type="Geo Location"></lido:placeID>
                    <lido:namePlaceSet>
                        <lido:appellationValue lido:label="Site">Timken Museum of Art</lido:appellationValue>
                    </lido:namePlaceSet>
                   
                    
                    
                    
                     
                   </lido:place>
            </lido:eventPlace>
  
  
 </lido:event>
</lido:eventSet>
     
<lido:eventSet> 
<lido:displayEvent>Benjamin West and his American Students</lido:displayEvent>
   
    <lido:event>
        <lido:eventID lido:type="local">298</lido:eventID>
 
        <lido:eventType>
            <lido:conceptID lido:type="local">300054766</lido:conceptID>
            <lido:term>exhibition</lido:term>
        </lido:eventType>
        <lido:eventName>
            <lido:appellationValue>Benjamin West and his American Students</lido:appellationValue>
   <lido:sourceAppellation>Yale Center for British Art</lido:sourceAppellation>
        </lido:eventName>
    
        
  
   
            <lido:eventActor>
                <lido:displayActorInRole>Pennsylvania Academy of Fine Arts </lido:displayActorInRole>
    <lido:actorInRole>
                    <lido:actor lido:type="">
                        <lido:actorID lido:source="TMS" lido:type="local">7133</lido:actorID>
                           
      
                           
      
                        <lido:nameActorSet>
                            <lido:appellationValue lido:pref="preferred">Pennsylvania Academy of Fine Arts</lido:appellationValue>
                                <lido:sourceAppellation/>
                        </lido:nameActorSet>
      
                           
      
                           
      
                           
      
                           
      
                           
      
                           
      
                           
      
                           
      
                          
                        
                        <lido:vitalDatesActor>
                            <lido:earliestDate lido:type="estimatedDate">0</lido:earliestDate>
                            <lido:latestDate lido:type="estimatedDate">0</lido:latestDate>
                        </lido:vitalDatesActor>
                        
                    </lido:actor>
         
      
         
      
         
      
         
      
         
      
         
      
         
      
         
      
         
      
            
                    </lido:actorInRole>
            </lido:eventActor>
            
   
            <lido:eventDate> 
                <lido:displayDate>1981-01-30 - 1981-04-19</lido:displayDate>
                <lido:date>
                    <lido:earliestDate>1981-01-30</lido:earliestDate>
                    <lido:latestDate>1981-04-19</lido:latestDate>
                </lido:date>
            </lido:eventDate>
 
            
            <lido:eventPlace>
                <lido:displayPlace>Pennsylvania Academy of Fine Arts</lido:displayPlace>
                <lido:place lido:geographicalEntity="geographic location">
                <lido:placeID lido:source="TGN" lido:type="Geo Location"></lido:placeID>
                    <lido:namePlaceSet>
                        <lido:appellationValue lido:label="Site">Pennsylvania Academy of Fine Arts</lido:appellationValue>
                    </lido:namePlaceSet>
                   
                    
                    
                    
                     
                   </lido:place>
            </lido:eventPlace>
  
  
 </lido:event>
</lido:eventSet>
     
<lido:eventSet> 
<lido:displayEvent>Benjamin West and his American Students</lido:displayEvent>
   
    <lido:event>
        <lido:eventID lido:type="local">298</lido:eventID>
 
        <lido:eventType>
            <lido:conceptID lido:type="local">300054766</lido:conceptID>
            <lido:term>exhibition</lido:term>
        </lido:eventType>
        <lido:eventName>
            <lido:appellationValue>Benjamin West and his American Students</lido:appellationValue>
   <lido:sourceAppellation>Yale Center for British Art</lido:sourceAppellation>
        </lido:eventName>
    
        
  
   
            <lido:eventActor>
                <lido:displayActorInRole>The National Portrait Gallery </lido:displayActorInRole>
    <lido:actorInRole>
                    <lido:actor lido:type="">
                        <lido:actorID lido:source="TMS" lido:type="local">1838</lido:actorID>
                           
      
                           
      
                           
      
                        <lido:nameActorSet>
                            <lido:appellationValue lido:pref="alternate">Alan Fern</lido:appellationValue>
                                <lido:sourceAppellation/>
                        </lido:nameActorSet>
      
                           
      
                        <lido:nameActorSet>
                            <lido:appellationValue lido:pref="alternate">Molly Grimsley</lido:appellationValue>
                                <lido:sourceAppellation/>
                        </lido:nameActorSet>
      
                           
      
                        <lido:nameActorSet>
                            <lido:appellationValue lido:pref="alternate">Claire Kelly</lido:appellationValue>
                                <lido:sourceAppellation/>
                        </lido:nameActorSet>
      
                           
      
                        <lido:nameActorSet>
                            <lido:appellationValue lido:pref="preferred">The National Portrait Gallery</lido:appellationValue>
                                <lido:sourceAppellation/>
                        </lido:nameActorSet>
      
                           
      
                           
      
                           
      
                           
      
                          
                        
                        <lido:vitalDatesActor>
                            <lido:earliestDate lido:type="estimatedDate">0</lido:earliestDate>
                            <lido:latestDate lido:type="estimatedDate">0</lido:latestDate>
                        </lido:vitalDatesActor>
                        
                    </lido:actor>
         
      
         
      
         
      
         
      
      <lido:roleActor>
       <lido:conceptID lido:label="exhibition related constituent role" lido:source="YCBA" lido:type="local">64</lido:conceptID>
       <lido:term>Borrower</lido:term>
      </lido:roleActor>
      
         
      
         
      
         
      
         
      
         
      
            
                    </lido:actorInRole>
            </lido:eventActor>
            
   
            <lido:eventDate> 
                <lido:displayDate>1980-10-06 - 1981-04-19</lido:displayDate>
                <lido:date>
                    <lido:earliestDate>1980-10-06</lido:earliestDate>
                    <lido:latestDate>1981-04-19</lido:latestDate>
                </lido:date>
            </lido:eventDate>
 
            
            <lido:eventPlace>
                <lido:displayPlace>The National Portrait Gallery</lido:displayPlace>
                <lido:place lido:geographicalEntity="geographic location">
                <lido:placeID lido:source="TGN" lido:type="Geo Location"></lido:placeID>
                    <lido:namePlaceSet>
                        <lido:appellationValue lido:label="Site">The National Portrait Gallery</lido:appellationValue>
                    </lido:namePlaceSet>
                   
                    
                    
                    
                     
                   </lido:place>
            </lido:eventPlace>
  
  
 </lido:event>
</lido:eventSet>
     
<lido:eventSet> 
<lido:displayEvent>Painters and Engraving - The Reproductive Print from Hogarth to Wilkie</lido:displayEvent>
   
    <lido:event>
        <lido:eventID lido:type="local">574</lido:eventID>
 
        <lido:eventType>
            <lido:conceptID lido:type="local">300054766</lido:conceptID>
            <lido:term>exhibition</lido:term>
        </lido:eventType>
        <lido:eventName>
            <lido:appellationValue>Painters and Engraving - The Reproductive Print from Hogarth to Wilkie</lido:appellationValue>
   <lido:sourceAppellation>Yale Center for British Art</lido:sourceAppellation>
        </lido:eventName>
    
        
  
   
            <lido:eventActor>
                <lido:displayActorInRole>Yale Center for British Art </lido:displayActorInRole>
    <lido:actorInRole>
                    <lido:actor lido:type="">
                        <lido:actorID lido:source="TMS" lido:type="local">1281</lido:actorID>
                           
      
                           
      
                           
      
                           
      
                           
      
                           
      
                           
      
                        <lido:nameActorSet>
                            <lido:appellationValue lido:pref="alternate">YCBA</lido:appellationValue>
                                <lido:sourceAppellation/>
                        </lido:nameActorSet>
      
                           
      
                        <lido:nameActorSet>
                            <lido:appellationValue lido:pref="alternate">BAC</lido:appellationValue>
                                <lido:sourceAppellation/>
                        </lido:nameActorSet>
      
                           
      
                        <lido:nameActorSet>
                            <lido:appellationValue lido:pref="preferred">Yale Center for British Art</lido:appellationValue>
                                <lido:sourceAppellation/>
                        </lido:nameActorSet>
      
                           
      
                        <lido:nameActorSet>
                            <lido:appellationValue lido:pref="alternate">British Art Center</lido:appellationValue>
                                <lido:sourceAppellation/>
                        </lido:nameActorSet>
      
                          
                        
                        <lido:vitalDatesActor>
                            <lido:earliestDate lido:type="estimatedDate">1977</lido:earliestDate>
                            <lido:latestDate lido:type="estimatedDate">9999</lido:latestDate>
                        </lido:vitalDatesActor>
                        
                    </lido:actor>
         
      
         
      
         
      
         
      
         
      
         
      
         
      
      <lido:roleActor>
       <lido:conceptID lido:label="exhibition related constituent role" lido:source="AAT" lido:type="local">300025633</lido:conceptID>
       <lido:term>Curator</lido:term>
      </lido:roleActor>
      
         
      
         
      
            
                    </lido:actorInRole>
            </lido:eventActor>
            
   
            <lido:eventDate> 
                <lido:displayDate>1980-03-26 - 1980-06-22</lido:displayDate>
                <lido:date>
                    <lido:earliestDate>1980-03-26</lido:earliestDate>
                    <lido:latestDate>1980-06-22</lido:latestDate>
                </lido:date>
            </lido:eventDate>
 
            
            <lido:eventPlace>
                <lido:displayPlace>Yale Center for British Art</lido:displayPlace>
                <lido:place lido:geographicalEntity="geographic location">
                <lido:placeID lido:source="TGN" lido:type="Geo Location"></lido:placeID>
                    <lido:namePlaceSet>
                        <lido:appellationValue lido:label="Site">Yale Center for British Art</lido:appellationValue>
                    </lido:namePlaceSet>
                   
                    
                    
                    
                     
                   </lido:place>
            </lido:eventPlace>
  
  
 </lido:event>
</lido:eventSet>
   
   
    
                            <lido:eventSet>
       
                                <lido:event>
                                    <lido:eventID lido:type="TMS">450</lido:eventID>
 
                                    <lido:eventType>
                                        <lido:conceptID lido:source="AAT" lido:type="local">300157782</lido:conceptID>
                                        <lido:term>acquisition</lido:term>
   
                                    </lido:eventType>
                                    <lido:eventActor>
                                        <lido:displayActorInRole>Yale Center for British Art</lido:displayActorInRole>
                                        <lido:actorInRole>
                                            <lido:actor lido:type="institution">
                                                <lido:actorID lido:source="YCBA" lido:type="local">1281</lido:actorID>
                                                
           <lido:nameActorSet>
           
            
                                                  <lido:appellationValue lido:pref="alternate">YCBA</lido:appellationValue>
        
            
                                                  <lido:appellationValue lido:pref="alternate">BAC</lido:appellationValue>
        
            
                                                  <lido:appellationValue lido:pref="preferred">Yale Center for British Art</lido:appellationValue>
        
            
                                                  <lido:appellationValue lido:pref="alternate">British Art Center</lido:appellationValue>
        
            
            
           </lido:nameActorSet>
          <lido:nationalityActor/>
                                                <lido:vitalDatesActor>
                                                    <lido:earliestDate lido:label="estimatedDate" lido:type="">1977</lido:earliestDate>
                                                    <lido:latestDate lido:label="estimatedDate" lido:type="">9999</lido:latestDate>
                                                </lido:vitalDatesActor>
                                                <lido:genderActor/>
                                            </lido:actor>
                                            <lido:roleActor>
                                                <lido:conceptID lido:source="AAT" lido:type="local" lido:label="Acquisition related role">300203630</lido:conceptID>
                                                <lido:term>Owner</lido:term>
                                            </lido:roleActor>
                                            <lido:attributionQualifierActor/>
                                        </lido:actorInRole>
                                    </lido:eventActor>
                                    <lido:culture/>
                                    <lido:eventDate>
                                        <lido:displayDate>1977</lido:displayDate>
                                        <lido:date>
                                            <lido:earliestDate>1977</lido:earliestDate>
                                            <lido:latestDate>1977</lido:latestDate>
                                        </lido:date>
                                    </lido:eventDate>
 
                                    <lido:periodName/>
                                   <lido:eventPlace/>
                                    <lido:eventMethod>
                                        <lido:conceptID lido:type="local" lido:source="YCBA">0</lido:conceptID>
                                        <lido:term>not selected</lido:term>
                                    </lido:eventMethod>
                                </lido:event>
       
                            </lido:eventSet>
      
            
   
   
    
   
   </lido:eventWrap>
   
  
        <lido:objectRelationWrap>
  
  
  
            <lido:subjectWrap>
   <lido:subjectSet> 
   <lido:subject lido:type="description">                 
       
         
     <lido:subjectConcept>
      <lido:conceptID lido:source="AAT" lido:type="subjectConcept">230874</lido:conceptID>
      <lido:term>knight (landholder)</lido:term>
     </lido:subjectConcept>
 
        
       
         
     <lido:subjectConcept>
      <lido:conceptID lido:source="AAT" lido:type="subjectConcept">55866</lido:conceptID>
      <lido:term>allegory</lido:term>
     </lido:subjectConcept>
 
        
       
         
     <lido:subjectConcept>
      <lido:conceptID lido:source="AAT" lido:type="subjectConcept">191856</lido:conceptID>
      <lido:term>skulls (skeleton components)</lido:term>
     </lido:subjectConcept>
 
        
       
         
     <lido:subjectConcept>
      <lido:conceptID lido:source="AAT" lido:type="subjectConcept">178802</lido:conceptID>
      <lido:term>costume</lido:term>
     </lido:subjectConcept>
 
        
       
         
     <lido:subjectConcept>
      <lido:conceptID lido:source="local" lido:type="subjectConcept">-1</lido:conceptID>
      <lido:term>literary theme</lido:term>
     </lido:subjectConcept>
 
        
       
         
     <lido:subjectConcept>
      <lido:conceptID lido:source="AAT" lido:type="subjectConcept">37058</lido:conceptID>
      <lido:term>dagger</lido:term>
     </lido:subjectConcept>
 
        
       
         
     <lido:subjectConcept>
      <lido:conceptID lido:source="AAT" lido:type="subjectConcept">188706</lido:conceptID>
      <lido:term>virgin</lido:term>
     </lido:subjectConcept>
 
        
       
         
     <lido:subjectConcept>
      <lido:conceptID lido:source="AAT" lido:type="subjectConcept">55905</lido:conceptID>
      <lido:term>personification</lido:term>
     </lido:subjectConcept>
 
        
       
         
     <lido:subjectConcept>
      <lido:conceptID lido:source="AAT" lido:type="subjectConcept">25928</lido:conceptID>
      <lido:term>men</lido:term>
     </lido:subjectConcept>
 
        
       
         
     <lido:subjectConcept>
      <lido:conceptID lido:source="AAT" lido:type="subjectConcept">25943</lido:conceptID>
      <lido:term>women</lido:term>
     </lido:subjectConcept>
 
        
       
         
     <lido:subjectConcept>
      <lido:conceptID lido:source="AAT" lido:type="subjectConcept">54273</lido:conceptID>
      <lido:term>literature</lido:term>
     </lido:subjectConcept>
 
        
       
         
     <lido:subjectConcept>
      <lido:conceptID lido:source="AAT" lido:type="subjectConcept">8746</lido:conceptID>
      <lido:term>cave</lido:term>
     </lido:subjectConcept>
 
        
       
         
     <lido:subjectConcept>
      <lido:conceptID lido:source="local" lido:type="subjectConcept">-1</lido:conceptID>
      <lido:term>donkey</lido:term>
     </lido:subjectConcept>
 
        
       
         
     <lido:subjectConcept>
      <lido:conceptID lido:source="AAT" lido:type="subjectConcept">14248</lido:conceptID>
      <lido:term>rope</lido:term>
     </lido:subjectConcept>
 
        
       
         
     <lido:subjectConcept>
      <lido:conceptID lido:source="AAT" lido:type="subjectConcept">37048</lido:conceptID>
      <lido:term>swords</lido:term>
     </lido:subjectConcept>
 
        
       
         
     <lido:subjectConcept>
      <lido:conceptID lido:source="local" lido:type="subjectConcept">-1</lido:conceptID>
      <lido:term>religious and mythological subject</lido:term>
     </lido:subjectConcept>
 
        
       
         
     <lido:subjectActor>
      <lido:displayActor>saint</lido:displayActor>
      <lido:actor lido:type="constituent">
      <lido:actorID lido:source="AAT" lido:type="subjectActor">150555</lido:actorID>
      <lido:nameActorSet>
       <lido:appellationValue>saint</lido:appellationValue>
      </lido:nameActorSet>
 
      </lido:actor>
     </lido:subjectActor>
  
        
       
          
     <lido:subjectEvent>
      <lido:event>
      <lido:eventID lido:source="AAT" lido:type="subjectEvent">68986</lido:eventID>
 
      <lido:eventType>
      <lido:conceptID lido:source="AAT" lido:type="subjectEvent">68986</lido:conceptID>
 
      <lido:term>fire</lido:term>
 
      </lido:eventType>
      </lido:event>
     </lido:subjectEvent>
        
       
          
     <lido:subjectEvent>
      <lido:event>
      <lido:eventID lido:source="AAT" lido:type="subjectEvent">69678</lido:eventID>
 
      <lido:eventType>
      <lido:conceptID lido:source="AAT" lido:type="subjectEvent">69678</lido:conceptID>
 
      <lido:term>suicide</lido:term>
 
      </lido:eventType>
      </lido:event>
     </lido:subjectEvent>
        
       
          
     <lido:subjectEvent>
      <lido:event>
      <lido:eventID lido:source="AAT" lido:type="subjectEvent">151836</lido:eventID>
 
      <lido:eventType>
      <lido:conceptID lido:source="AAT" lido:type="subjectEvent">151836</lido:conceptID>
 
      <lido:term>death</lido:term>
 
      </lido:eventType>
      </lido:event>
     </lido:subjectEvent>
        
       
          
     <lido:subjectObject>
      <lido:displayObject>poem </lido:displayObject>
      <lido:object>
       <lido:objectWebResource></lido:objectWebResource>
       <lido:objectID lido:type="local"></lido:objectID>
      </lido:object>
     </lido:subjectObject>
        
         
   </lido:subject>
   </lido:subjectSet>
   </lido:subjectWrap>
     
 
    
            <lido:relatedWorksWrap>
       
      
    <lido:relatedWorkSet>
     <lido:relatedWork>
      <lido:displayObject>Helmut von Erffa, /The paintings of Benjamin West, /Yale University Press, New Haven, 1986, pp. 76, 78-79, 82, no. 220, NJ18 W52 A12 E73  + OVERSIZE (YCBA)  </lido:displayObject>
     <lido:object>
      <lido:objectWebResource/>
      
      <lido:objectID lido:type="local" lido:source="LC Call Number">NJ18 W52 A12 E73  + OVERSIZE (YCBA)</lido:objectID>
      
      <lido:objectID lido:type="local" lido:source="OCLC Number">12665136</lido:objectID>
      
      
      
      
      
      <lido:objectID lido:type="local" lido:source="YCBA">754</lido:objectID>
      <lido:objectNote> Helmut von Erffa, The paintings of Benjamin West, Yale University Press, New Haven, 1986, pp. 76, 78-79, 82, no. 220, NJ18 W52 A12 E73  + OVERSIZE (YCBA)   </lido:objectNote>
     </lido:object>
     </lido:relatedWork>
     <lido:relatedWorkRelType>
      <lido:conceptID  lido:type="local" lido:source="publication"></lido:conceptID>
       <lido:term>related to</lido:term>
     </lido:relatedWorkRelType>
    </lido:relatedWorkSet>
 
     
    
    
      
    <lido:relatedWorkSet>
     <lido:relatedWork>
      <lido:displayObject>Catherine M. Gordon, /British paintings Hogarth to Turner, /Frederick Warne, London, 1981, p. 70, ND466 G67  (YCBA)  </lido:displayObject>
     <lido:object>
      <lido:objectWebResource/>
      
      
      
      
      
      <lido:objectID lido:type="local" lido:source="LC Call Number">ND466 G67  (YCBA)</lido:objectID>
      
      <lido:objectID lido:type="local" lido:source="OCLC Number">07500731</lido:objectID>
      
      <lido:objectID lido:type="local" lido:source="YCBA">2775</lido:objectID>
      <lido:objectNote> Catherine M. Gordon, British paintings Hogarth to Turner, Frederick Warne, London, 1981, p. 70, ND466 G67  (YCBA)   </lido:objectNote>
     </lido:object>
     </lido:relatedWork>
     <lido:relatedWorkRelType>
      <lido:conceptID  lido:type="local" lido:source="publication"></lido:conceptID>
       <lido:term>related to</lido:term>
     </lido:relatedWorkRelType>
    </lido:relatedWorkSet>
 
     
    
    
    
   </lido:relatedWorksWrap>
  </lido:objectRelationWrap>
  
 </lido:descriptiveMetadata>
 
 
 
<lido:administrativeMetadata xml:lang="eng">
    
    <lido:rightsWorkWrap>
        <lido:rightsWorkSet>
            <lido:rightsType>
                <lido:conceptID lido:source="YCBA" lido:type="local" lido:label="object ownership">500303557</lido:conceptID>
                
            </lido:rightsType>
            
            <lido:rightsHolder>   
              
    <lido:legalBodyID lido:type="">500303557</lido:legalBodyID>
   
   
                <lido:legalBodyName>
                    <lido:appellationValue>Yale Center for British Art</lido:appellationValue>
  
                </lido:legalBodyName>
                <lido:legalBodyWeblink>http://collection.britishart.yale.edu/id/page/thesauri/ULAN/500303557</lido:legalBodyWeblink>
 
            </lido:rightsHolder>
            
            <lido:creditLine>Yale Center for British Art, Paul Mellon Collection</lido:creditLine>
        </lido:rightsWorkSet>
        
        
        <lido:rightsWorkSet>
            <lido:rightsType>
                <lido:conceptID lido:source="YCBA" lido:type="local" lido:label="object copyright">300055611</lido:conceptID>
                <lido:term>public domain</lido:term>
   
    <lido:term lido:label="url">http://hdl.handle.net/10079/w6m90dq</lido:term>
            </lido:rightsType>
            
            <lido:rightsHolder>
                <lido:legalBodyID lido:type="local" lido:label="Rights Administrator"></lido:legalBodyID>
  
                
                <lido:legalBodyName>
                    <lido:appellationValue></lido:appellationValue>
         
                </lido:legalBodyName>
                
                <lido:legalBodyWeblink></lido:legalBodyWeblink>
  
            </lido:rightsHolder>
            
            <lido:rightsHolder>
                <lido:legalBodyID lido:type="local" lido:label="Rights Holder"></lido:legalBodyID>
  
    
                <lido:legalBodyName>
                    <lido:appellationValue></lido:appellationValue>
     
                </lido:legalBodyName>
                
                <lido:legalBodyWeblink></lido:legalBodyWeblink>
   
            </lido:rightsHolder>
            
            <lido:creditLine>Public Domain</lido:creditLine>
                
           </lido:rightsWorkSet>
             
                
    </lido:rightsWorkWrap>
    
    <lido:recordWrap>
        
        <lido:recordID lido:type="local">450</lido:recordID>
        
        <lido:recordType>
            <lido:conceptID lido:source="AAT" lido:type="local">300133025</lido:conceptID>
            <lido:term>Item</lido:term>
       
        </lido:recordType>
 
        
        <lido:recordSource>
            <lido:legalBodyID lido:type="local">Yale Center for British Art</lido:legalBodyID>
            <lido:legalBodyName>
                <lido:appellationValue>Yale Center for British Art</lido:appellationValue>
            </lido:legalBodyName>
            <lido:legalBodyWeblink>http://britishart.yale.edu</lido:legalBodyWeblink>
        </lido:recordSource>
        
        
        <lido:recordInfoSet>
            <lido:recordInfoLink lido:formatResource="html">http://collections.britishart.yale.edu/vufind/Record/1668618</lido:recordInfoLink>
        </lido:recordInfoSet>
        
        <lido:recordInfoSet>
            <lido:recordInfoID lido:type="url" lido:source="YCBA">oai:tms.ycba.yale.edu:450</lido:recordInfoID>
        </lido:recordInfoSet>
        
    </lido:recordWrap>
    
    <lido:resourceWrap>
        <lido:resourceSet>
            
            <lido:resourceRepresentation lido:type="thumb">
                <lido:linkResource lido:formatResource="jpg">
                    
                    http://deliver.odai.yale.edu/content/repository/YCBA/object/450/type/2/format/1
                    
                    
                    
                    
                </lido:linkResource>
            </lido:resourceRepresentation>
            <lido:resourceRepresentation lido:type="large">
                <lido:linkResource lido:formatResource="jpg">
                    http://deliver.odai.yale.edu/content/repository/YCBA/object/450/type/2/format/3
                </lido:linkResource>
            </lido:resourceRepresentation>
            <lido:resourceRepresentation lido:type="list">
                <lido:linkResource lido:formatResource="json">
                    http://deliver.odai.yale.edu/info/repository/YCBA/object/450/type/2?output=jsonp&amp;callback=?
                </lido:linkResource>
            </lido:resourceRepresentation>
            <lido:resourceRepresentation lido:type="original">
                <lido:linkResource lido:formatResource="tif">
                    http://deliver.odai.yale.edu/content/repository/YCBA/object/450/type/2/format/6
                </lido:linkResource>
            </lido:resourceRepresentation>
            
            <lido:resourceType>
                <lido:term>digital image</lido:term>
            </lido:resourceType>
            
            <lido:resourceSource lido:type="image source">
                <lido:legalBodyName>
                    <lido:appellationValue>Yale Center for British Art</lido:appellationValue>
                </lido:legalBodyName>
                <lido:legalBodyWeblink>http://collection.britishart.yale.edu/id/page/thesauri/ULAN/500303557</lido:legalBodyWeblink>
  
            </lido:resourceSource>
            
            <lido:rightsResource>
                <lido:rightsType>
                    <lido:conceptID lido:source="" lido:type="url">http://hdl.handle.net/10079/gb5mkww</lido:conceptID>
                  
                    <lido:term>image use terms</lido:term>
                </lido:rightsType>
                
                
                
                <lido:rightsHolder>
                   
                    <lido:legalBodyName>
                        <lido:appellationValue></lido:appellationValue>
                    </lido:legalBodyName>
                </lido:rightsHolder>
    <lido:creditLine lido:label="image restrictions"></lido:creditLine>
            </lido:rightsResource>
        </lido:resourceSet>
    </lido:resourceWrap>
</lido:administrativeMetadata>
  
</lido:lido>
</metadata>
</record>
