<record><header><identifier>oai:tms.ycba.yale.edu:451</identifier>
<datestamp>2016-03-17</datestamp>
<setSpec>ycba:ps</setSpec>
</header>
<metadata>
    <lido:lido 
 xmlns:lido="http://www.lido-schema.org" 
 xmlns:xsi="http://www.w3.org/2001/XMLSchema-instance" 
 xmlns:gml="http://www.opengis.net/gml"
 xsi:schemaLocation="http://www.lido-schema.org http://www.lido-schema.org/schema/v1.0/lido-v1.0.xsd">
    <lido:lidoRecID lido:source="Yale Center for British Art" lido:type="local">YCBA/lido-TMS-451</lido:lidoRecID>
 <lido:category> 
  <lido:conceptID lido:type="URI">http://www.cidoc-crm.org/crm-concepts/#E22</lido:conceptID>
        <lido:term xml:lang="eng">Man-Made Object</lido:term>
    </lido:category>
 
 <lido:descriptiveMetadata xml:lang="eng">
 
 
  <lido:objectClassificationWrap>
   
   <lido:objectWorkTypeWrap> 
    
    <lido:objectWorkType>
     <lido:conceptID lido:source="AAT" lido:type="Object name">300033618</lido:conceptID>
     <lido:term>painting</lido:term>
 
    </lido:objectWorkType>
    
    <lido:objectWorkType>
     <lido:conceptID lido:source="YCBA" lido:type="Genre">10</lido:conceptID>
     <lido:term>historical subject</lido:term>
 
    </lido:objectWorkType>
    
   </lido:objectWorkTypeWrap>
 
   
   <lido:classificationWrap>
   
    <lido:classification>
     <lido:conceptID lido:source="AAT" lido:type="Classification">300033618</lido:conceptID>
     <lido:term>Painting</lido:term>
    </lido:classification>
   
   </lido:classificationWrap>
 
  </lido:objectClassificationWrap>
  
  
  
  <lido:objectIdentificationWrap>
   
   
   <lido:titleWrap>
   
    <lido:titleSet lido:type="Repository title"> 
     <lido:appellationValue lido:pref="preferred" xml:lang="eng">Paetus and Arria</lido:appellationValue>
 
    </lido:titleSet>
   
    <lido:titleSet lido:type="Exhibited title"> 
     <lido:appellationValue lido:pref="alternate" xml:lang="eng">Non Dolet, Paetus and Arria</lido:appellationValue>
 
    </lido:titleSet>
   
    <lido:titleSet lido:type="Exhibited title"> 
     <lido:appellationValue lido:pref="alternate" xml:lang="eng">Non Dolet: Die Geschichte von Paetus und Arria</lido:appellationValue>
 
    </lido:titleSet>
   
    <lido:titleSet lido:type="Alternate title"> 
     <lido:appellationValue lido:pref="alternate" xml:lang="eng">Non Dolet- Paetus and Arria
</lido:appellationValue>
 
    </lido:titleSet>
    
   </lido:titleWrap>
   
  
   
   <lido:inscriptionsWrap> 
                <lido:inscriptions lido:type="Inscription">
                    <lido:inscriptionTranscription></lido:inscriptionTranscription>
                </lido:inscriptions>
                
    
                <lido:inscriptions lido:type="Signature">
                    <lido:inscriptionTranscription>Signed and dated in black paint, lower left and right; on left: "B. West 1766"; on right: "B. West pinxit 1767"</lido:inscriptionTranscription>
                </lido:inscriptions>
            </lido:inscriptionsWrap>
   
            
            <lido:repositoryWrap>
                <lido:repositorySet lido:type="current">
                    
                    <lido:repositoryName>
        <lido:legalBodyID lido:source="ULAN" lido:type="local">500303557</lido:legalBodyID>
 
                        <lido:legalBodyName>
                            <lido:appellationValue>Yale Center for British Art</lido:appellationValue>
                        </lido:legalBodyName>
       <lido:legalBodyWeblink>http://britishart.yale.edu</lido:legalBodyWeblink>
 
                    </lido:repositoryName>
                    <lido:workID lido:type="inventory number">B1977.14.114</lido:workID>
     
                    
                 <lido:repositoryLocation>
     <lido:partOfPlace>
                        <lido:namePlaceSet>
                            <lido:appellationValue lido:label="On view or not">Not on view</lido:appellationValue>
                        </lido:namePlaceSet>
      <lido:gml>
                        <gml:Point>
                            <gml:coordinates/>
                        </gml:Point>
                        </lido:gml>
                    </lido:partOfPlace>
     
     
     
     
     
      <lido:partOfPlace>
       <lido:namePlaceSet>
        <lido:appellationValue lido:label="Site">Yale Center for British Art</lido:appellationValue>
  
       </lido:namePlaceSet>
       <lido:gml>            
        <gml:Point>
         <gml:coordinates>41.3080060, -72.9306282</gml:coordinates>
 
        </gml:Point>
       </lido:gml>
      </lido:partOfPlace>
       
      <lido:partOfPlace> 
       <lido:placeID lido:source="TGN" lido:type="Geo location">7</lido:placeID>
       <lido:namePlaceSet>
        <lido:appellationValue>New Haven</lido:appellationValue>
           
       </lido:namePlaceSet>
       <lido:gml>            
        <gml:Point>
         <gml:coordinates>41.3000, -72.9160</gml:coordinates>
        </gml:Point>
       </lido:gml>
      </lido:partOfPlace>
   
                    </lido:repositoryLocation>
    
                </lido:repositorySet>
       </lido:repositoryWrap>
   
            <lido:displayStateEditionWrap>
    
    
    
            </lido:displayStateEditionWrap>
   
            <lido:objectMeasurementsWrap>
    
                
     
     
     <lido:objectMeasurementsSet>
      <lido:displayObjectMeasurements>Support (PTG): 36 x 28 inches (91.4 x 71.1 cm)</lido:displayObjectMeasurements>
     <lido:objectMeasurements>  
     
     
     <lido:measurementsSet>       
       <lido:measurementType>height</lido:measurementType>
       <lido:measurementUnit>cm</lido:measurementUnit>
  
       <lido:measurementValue>91.4</lido:measurementValue>
      </lido:measurementsSet>
         
      
     
     
     <lido:measurementsSet>       
       <lido:measurementType>width</lido:measurementType>
       <lido:measurementUnit>cm</lido:measurementUnit>
  
       <lido:measurementValue>71.1</lido:measurementValue>
      </lido:measurementsSet>
         
      
     
      
     
      
     
      
      
      <lido:extentMeasurements>Support (PTG)</lido:extentMeasurements>
  
      <lido:qualifierMeasurements></lido:qualifierMeasurements>
    
     </lido:objectMeasurements>
     </lido:objectMeasurementsSet>
     
       
     
     
       
     
       
            </lido:objectMeasurementsWrap>
   
  </lido:objectIdentificationWrap>
  
  
  <lido:eventWrap>
   <lido:eventSet>
    <lido:event>
    <lido:eventID lido:type="TMS">451</lido:eventID>
     <lido:eventType>
     <lido:conceptID lido:source="AAT" lido:type="local">300054713</lido:conceptID>
      <lido:term>production</lido:term>
                    </lido:eventType>
    
     
            
     <lido:eventActor>
     
      
       <lido:displayActorInRole>Benjamin West, 1738–1820, American, active in Britain (from 1763)</lido:displayActorInRole>
      
             
     
      <lido:actorInRole>   
                            <lido:actor lido:type="person"> 
                   <lido:actorID lido:source="YCBA" lido:type="local">39</lido:actorID>
 
        
           
                        
       <lido:nameActorSet>
          
                    
                                    <lido:appellationValue lido:pref="alternate">Benjamin West R. A.</lido:appellationValue>
         
          
                    
                                    <lido:appellationValue lido:pref="alternate">Benjamin West P. R. A.</lido:appellationValue>
         
          
                    
                                    <lido:appellationValue lido:pref="preferred">Benjamin West</lido:appellationValue>
         
        
       </lido:nameActorSet>
        
        
        
                                <lido:nationalityActor>
                                    <lido:term>American, active in Britain (from 1763)</lido:term>
                                </lido:nationalityActor>
        
        
                                <lido:vitalDatesActor>
         
                                    <lido:earliestDate lido:type="estimatedDate">1738</lido:earliestDate>
                                    
         
         <lido:latestDate lido:type="estimatedDate">1820</lido:latestDate>
         
                                </lido:vitalDatesActor>
        
           
        <lido:genderActor>male</lido:genderActor>
        
        
                            </lido:actor>
      
      
       <lido:roleActor>
        <lido:conceptID lido:source="AAT" lido:type="Object related role">300025103</lido:conceptID>
        <lido:term>Artist</lido:term>
       </lido:roleActor>
       
       
      
        
       <lido:roleActor>
               
        <lido:conceptID lido:source="AAT" lido:type="Life role">1</lido:conceptID>
        <lido:term>draftsman (artist)</lido:term>
        
       </lido:roleActor>
      
        
       <lido:roleActor>
               
        <lido:conceptID lido:source="AAT" lido:type="Life role">2</lido:conceptID>
        <lido:term>history painter</lido:term>
        
       </lido:roleActor>
      
      
      <lido:attributionQualifierActor></lido:attributionQualifierActor>
      </lido:actorInRole>
     </lido:eventActor>
                     
     
       
       
            
        
        
     
          <lido:culture>
     
      <lido:conceptID lido:source="AAT" lido:type="local">300111159</lido:conceptID>
      <lido:term>British</lido:term>
                    
     </lido:culture>
      
     
   
     
                    <lido:eventDate>
                        <lido:displayDate>1766</lido:displayDate>
                        <lido:date>
                            <lido:earliestDate>1766</lido:earliestDate>
                            <lido:latestDate>1766</lido:latestDate>
                        </lido:date>
                    </lido:eventDate>
                    
                    <lido:periodName>
      <lido:conceptID lido:type="local" lido:source="YCBA">22</lido:conceptID>
                        <lido:term>18th century</lido:term>
 
                    </lido:periodName>
     
           
      
     
     
     <lido:eventPlace lido:type="Death place"> 
      <lido:displayPlace>London</lido:displayPlace>
       <lido:place>
       <lido:namePlaceSet> 
         <lido:appellationValue>London</lido:appellationValue>
       </lido:namePlaceSet>
       
       <lido:gml> 
                               <gml:Point> 
                                    <gml:coordinates>51.5000, -0.1660</gml:coordinates>
 
                                </gml:Point>
 
                            </lido:gml>
 
       <lido:placeClassification>
                                <lido:conceptID lido:source="TGN" lido:type="Death place">7</lido:conceptID>
                            </lido:placeClassification>
       
       </lido:place>
      </lido:eventPlace>
      
      
     
     <lido:eventPlace lido:type="Birth place"> 
      <lido:displayPlace>Swarthmore</lido:displayPlace>
       <lido:place>
       <lido:namePlaceSet> 
         <lido:appellationValue>Swarthmore</lido:appellationValue>
       </lido:namePlaceSet>
       
       <lido:gml> 
                               <gml:Point> 
                                    <gml:coordinates>39.9000, -75.3500</gml:coordinates>
 
                                </gml:Point>
 
                            </lido:gml>
 
       <lido:placeClassification>
                                <lido:conceptID lido:source="TGN" lido:type="Birth place">7</lido:conceptID>
                            </lido:placeClassification>
       
       </lido:place>
      </lido:eventPlace>
      
      
     
     <lido:eventPlace lido:type="Place of Activity"> 
      <lido:displayPlace>Italy</lido:displayPlace>
       <lido:place>
       <lido:namePlaceSet> 
         <lido:appellationValue>Italy</lido:appellationValue>
       </lido:namePlaceSet>
       
       <lido:gml> 
                               <gml:Point> 
                                    <gml:coordinates>42.8330, 12.8330</gml:coordinates>
 
                                </gml:Point>
 
                            </lido:gml>
 
       <lido:placeClassification>
                                <lido:conceptID lido:source="TGN" lido:type="Place of Activity">1</lido:conceptID>
                            </lido:placeClassification>
       
       </lido:place>
      </lido:eventPlace>
      
        
      
      
                      
                    <lido:eventMaterialsTech>
                        <lido:displayMaterialsTech>Oil on canvas</lido:displayMaterialsTech>
      
     <lido:materialsTech>
       
      
                            <lido:termMaterialsTech>
                                <lido:conceptID lido:type="medium" lido:source="AAT">15050</lido:conceptID>
                                <lido:term>oil paint</lido:term>
                            </lido:termMaterialsTech>
 
      
       
      
                            <lido:termMaterialsTech>
                                <lido:conceptID lido:type="support" lido:source="AAT">14078</lido:conceptID>
                                <lido:term>canvas</lido:term>
                            </lido:termMaterialsTech>
 
      
       
      </lido:materialsTech>
                    </lido:eventMaterialsTech>
     
    </lido:event>
            </lido:eventSet>
   
   
   
   
            
                  
                
                   
     
                       
                    
               
           
   
   
   
  
   
<lido:eventSet> 
<lido:displayEvent>The Tragic Muse - Art and Emotion, 1700-1900</lido:displayEvent>
   
    <lido:event>
        <lido:eventID lido:type="local">706</lido:eventID>
 
        <lido:eventType>
            <lido:conceptID lido:type="local">300054766</lido:conceptID>
            <lido:term>exhibition</lido:term>
        </lido:eventType>
        <lido:eventName>
            <lido:appellationValue>The Tragic Muse - Art and Emotion, 1700-1900</lido:appellationValue>
   <lido:sourceAppellation>Yale Center for British Art</lido:sourceAppellation>
        </lido:eventName>
    
        
  
   
            <lido:eventActor>
                <lido:displayActorInRole>Smart Museum of Art </lido:displayActorInRole>
    <lido:actorInRole>
                    <lido:actor lido:type="">
                        <lido:actorID lido:source="TMS" lido:type="local">8709</lido:actorID>
                           
      
                        <lido:nameActorSet>
                            <lido:appellationValue lido:pref="alternate">University of Chicago</lido:appellationValue>
                                <lido:sourceAppellation/>
                        </lido:nameActorSet>
      
                           
      
                        <lido:nameActorSet>
                            <lido:appellationValue lido:pref="preferred">Smart Museum of Art</lido:appellationValue>
                                <lido:sourceAppellation/>
                        </lido:nameActorSet>
      
                           
      
                           
      
                          
                        
                        <lido:vitalDatesActor>
                            <lido:earliestDate lido:type="estimatedDate">0</lido:earliestDate>
                            <lido:latestDate lido:type="estimatedDate">0</lido:latestDate>
                        </lido:vitalDatesActor>
                        
                    </lido:actor>
         
      
         
      
      <lido:roleActor>
       <lido:conceptID lido:label="exhibition related constituent role" lido:source="YCBA" lido:type="local">64</lido:conceptID>
       <lido:term>Borrower</lido:term>
      </lido:roleActor>
      
         
      
         
      
         
      
         
      
            
                    </lido:actorInRole>
            </lido:eventActor>
            
   
            <lido:eventDate> 
                <lido:displayDate>2011-02-10 - 2011-06-05</lido:displayDate>
                <lido:date>
                    <lido:earliestDate>2011-02-10</lido:earliestDate>
                    <lido:latestDate>2011-06-05</lido:latestDate>
                </lido:date>
            </lido:eventDate>
 
            
            <lido:eventPlace>
                <lido:displayPlace>Smart Museum of Art</lido:displayPlace>
                <lido:place lido:geographicalEntity="geographic location">
                <lido:placeID lido:source="TGN" lido:type="Geo Location"></lido:placeID>
                    <lido:namePlaceSet>
                        <lido:appellationValue lido:label="Site">Smart Museum of Art</lido:appellationValue>
                    </lido:namePlaceSet>
                   
                    
                    
                    
                     
                   </lido:place>
            </lido:eventPlace>
  
  
 </lido:event>
</lido:eventSet>
     
<lido:eventSet> 
<lido:displayEvent>The Anglo-American Artist in Italy 1750-1820</lido:displayEvent>
   
    <lido:event>
        <lido:eventID lido:type="local">316</lido:eventID>
 
        <lido:eventType>
            <lido:conceptID lido:type="local">300054766</lido:conceptID>
            <lido:term>exhibition</lido:term>
        </lido:eventType>
        <lido:eventName>
            <lido:appellationValue>The Anglo-American Artist in Italy 1750-1820</lido:appellationValue>
   <lido:sourceAppellation>Yale Center for British Art</lido:sourceAppellation>
        </lido:eventName>
    
        
  
   
            <lido:eventActor>
                <lido:displayActorInRole>University Art Museum, Santa Barbara </lido:displayActorInRole>
    <lido:actorInRole>
                    <lido:actor lido:type="">
                        <lido:actorID lido:source="TMS" lido:type="local">7140</lido:actorID>
                           
      
                           
      
                           
      
                        <lido:nameActorSet>
                            <lido:appellationValue lido:pref="preferred">University Art Museum, Santa Barbara</lido:appellationValue>
                                <lido:sourceAppellation/>
                        </lido:nameActorSet>
      
                           
      
                          
                        
                        <lido:vitalDatesActor>
                            <lido:earliestDate lido:type="estimatedDate">0</lido:earliestDate>
                            <lido:latestDate lido:type="estimatedDate">0</lido:latestDate>
                        </lido:vitalDatesActor>
                        
                    </lido:actor>
         
      
         
      
         
      
      <lido:roleActor>
       <lido:conceptID lido:label="exhibition related constituent role" lido:source="YCBA" lido:type="local">64</lido:conceptID>
       <lido:term>Borrower</lido:term>
      </lido:roleActor>
      
         
      
         
      
         
      
            
                    </lido:actorInRole>
            </lido:eventActor>
            
   
            <lido:eventDate> 
                <lido:displayDate>1982-04-07 - 1982-05-09</lido:displayDate>
                <lido:date>
                    <lido:earliestDate>1982-04-07</lido:earliestDate>
                    <lido:latestDate>1982-05-09</lido:latestDate>
                </lido:date>
            </lido:eventDate>
 
            
            <lido:eventPlace>
                <lido:displayPlace>University Art Museum, Santa Barbara</lido:displayPlace>
                <lido:place lido:geographicalEntity="geographic location">
                <lido:placeID lido:source="TGN" lido:type="Geo Location"></lido:placeID>
                    <lido:namePlaceSet>
                        <lido:appellationValue lido:label="Site">University Art Museum, Santa Barbara</lido:appellationValue>
                    </lido:namePlaceSet>
                   
                    
                    
                    
                     
                   </lido:place>
            </lido:eventPlace>
  
  
 </lido:event>
</lido:eventSet>
     
<lido:eventSet> 
<lido:displayEvent>British Painting and the European Continent</lido:displayEvent>
   
    <lido:event>
        <lido:eventID lido:type="local">295</lido:eventID>
 
        <lido:eventType>
            <lido:conceptID lido:type="local">300054766</lido:conceptID>
            <lido:term>exhibition</lido:term>
        </lido:eventType>
        <lido:eventName>
            <lido:appellationValue>British Painting and the European Continent</lido:appellationValue>
   <lido:sourceAppellation>Yale Center for British Art</lido:sourceAppellation>
        </lido:eventName>
    
        
  
   
            <lido:eventActor>
                <lido:displayActorInRole>Haus der Kunst Munich </lido:displayActorInRole>
    <lido:actorInRole>
                    <lido:actor lido:type="">
                        <lido:actorID lido:source="TMS" lido:type="local">7131</lido:actorID>
                           
      
                           
      
                           
      
                           
      
                        <lido:nameActorSet>
                            <lido:appellationValue lido:pref="preferred">Haus der Kunst Munich</lido:appellationValue>
                                <lido:sourceAppellation/>
                        </lido:nameActorSet>
      
                          
                        
                        <lido:vitalDatesActor>
                            <lido:earliestDate lido:type="estimatedDate">0</lido:earliestDate>
                            <lido:latestDate lido:type="estimatedDate">0</lido:latestDate>
                        </lido:vitalDatesActor>
                        
                    </lido:actor>
         
      
         
      
         
      
         
      
         
      
      <lido:roleActor>
       <lido:conceptID lido:label="exhibition related constituent role" lido:source="YCBA" lido:type="local">64</lido:conceptID>
       <lido:term>Borrower</lido:term>
      </lido:roleActor>
      
         
      
            
                    </lido:actorInRole>
            </lido:eventActor>
            
   
            <lido:eventDate> 
                <lido:displayDate>1979-11-20 - 1980-01-27</lido:displayDate>
                <lido:date>
                    <lido:earliestDate>1979-11-20</lido:earliestDate>
                    <lido:latestDate>1980-01-27</lido:latestDate>
                </lido:date>
            </lido:eventDate>
 
            
            <lido:eventPlace>
                <lido:displayPlace>Haus der Kunst Munich</lido:displayPlace>
                <lido:place lido:geographicalEntity="geographic location">
                <lido:placeID lido:source="TGN" lido:type="Geo Location"></lido:placeID>
                    <lido:namePlaceSet>
                        <lido:appellationValue lido:label="Site">Haus der Kunst Munich</lido:appellationValue>
                    </lido:namePlaceSet>
                   
                    
                    
                    
                     
                   </lido:place>
            </lido:eventPlace>
  
  
 </lido:event>
</lido:eventSet>
   
   
    
                            <lido:eventSet>
       
                                <lido:event>
                                    <lido:eventID lido:type="TMS">451</lido:eventID>
 
                                    <lido:eventType>
                                        <lido:conceptID lido:source="AAT" lido:type="local">300157782</lido:conceptID>
                                        <lido:term>acquisition</lido:term>
   
                                    </lido:eventType>
                                    <lido:eventActor>
                                        <lido:displayActorInRole>Yale Center for British Art</lido:displayActorInRole>
                                        <lido:actorInRole>
                                            <lido:actor lido:type="institution">
                                                <lido:actorID lido:source="YCBA" lido:type="local">1281</lido:actorID>
                                                
           <lido:nameActorSet>
           
            
                                                  <lido:appellationValue lido:pref="alternate">YCBA</lido:appellationValue>
        
            
                                                  <lido:appellationValue lido:pref="alternate">BAC</lido:appellationValue>
        
            
                                                  <lido:appellationValue lido:pref="preferred">Yale Center for British Art</lido:appellationValue>
        
            
                                                  <lido:appellationValue lido:pref="alternate">British Art Center</lido:appellationValue>
        
            
            
           </lido:nameActorSet>
          <lido:nationalityActor/>
                                                <lido:vitalDatesActor>
                                                    <lido:earliestDate lido:label="estimatedDate" lido:type="">1977</lido:earliestDate>
                                                    <lido:latestDate lido:label="estimatedDate" lido:type="">9999</lido:latestDate>
                                                </lido:vitalDatesActor>
                                                <lido:genderActor/>
                                            </lido:actor>
                                            <lido:roleActor>
                                                <lido:conceptID lido:source="AAT" lido:type="local" lido:label="Acquisition related role">300203630</lido:conceptID>
                                                <lido:term>Owner</lido:term>
                                            </lido:roleActor>
                                            <lido:attributionQualifierActor/>
                                        </lido:actorInRole>
                                    </lido:eventActor>
                                    <lido:culture/>
                                    <lido:eventDate>
                                        <lido:displayDate>1977</lido:displayDate>
                                        <lido:date>
                                            <lido:earliestDate>1977</lido:earliestDate>
                                            <lido:latestDate>1977</lido:latestDate>
                                        </lido:date>
                                    </lido:eventDate>
 
                                    <lido:periodName/>
                                   <lido:eventPlace/>
                                    <lido:eventMethod>
                                        <lido:conceptID lido:type="local" lido:source="YCBA">0</lido:conceptID>
                                        <lido:term>not selected</lido:term>
                                    </lido:eventMethod>
                                </lido:event>
       
                            </lido:eventSet>
      
            
   
   
    
   
   </lido:eventWrap>
   
  
        <lido:objectRelationWrap>
  
  
  
            <lido:subjectWrap>
   <lido:subjectSet> 
   <lido:subject lido:type="description">                 
       
         
     <lido:subjectConcept>
      <lido:conceptID lido:source="AAT" lido:type="subjectConcept">28629</lido:conceptID>
      <lido:term>scroll (information artifact)</lido:term>
     </lido:subjectConcept>
 
        
       
         
     <lido:subjectConcept>
      <lido:conceptID lido:source="AAT" lido:type="subjectConcept">37058</lido:conceptID>
      <lido:term>dagger</lido:term>
     </lido:subjectConcept>
 
        
       
         
     <lido:subjectConcept>
      <lido:conceptID lido:source="AAT" lido:type="subjectConcept">39548</lido:conceptID>
      <lido:term>table</lido:term>
     </lido:subjectConcept>
 
        
       
         
     <lido:subjectConcept>
      <lido:conceptID lido:source="AAT" lido:type="subjectConcept">25480</lido:conceptID>
      <lido:term>emperor</lido:term>
     </lido:subjectConcept>
 
        
       
         
     <lido:subjectConcept>
      <lido:conceptID lido:source="AAT" lido:type="subjectConcept">154343</lido:conceptID>
      <lido:term>wife</lido:term>
     </lido:subjectConcept>
 
        
       
         
     <lido:subjectConcept>
      <lido:conceptID lido:source="AAT" lido:type="subjectConcept">154341</lido:conceptID>
      <lido:term>husband</lido:term>
     </lido:subjectConcept>
 
        
       
         
     <lido:subjectConcept>
      <lido:conceptID lido:source="AAT" lido:type="subjectConcept">178802</lido:conceptID>
      <lido:term>costume</lido:term>
     </lido:subjectConcept>
 
        
       
         
     <lido:subjectConcept>
      <lido:conceptID lido:source="AAT" lido:type="subjectConcept">47457</lido:conceptID>
      <lido:term>bust</lido:term>
     </lido:subjectConcept>
 
        
       
         
     <lido:subjectConcept>
      <lido:conceptID lido:source="local" lido:type="subjectConcept">-1</lido:conceptID>
      <lido:term>historical subject</lido:term>
     </lido:subjectConcept>
 
        
       
         
     <lido:subjectConcept>
      <lido:conceptID lido:source="AAT" lido:type="subjectConcept">47090</lido:conceptID>
      <lido:term>sculpture</lido:term>
     </lido:subjectConcept>
 
        
       
         
     <lido:subjectConcept>
      <lido:conceptID lido:source="AAT" lido:type="subjectConcept">37564</lido:conceptID>
      <lido:term>curtain</lido:term>
     </lido:subjectConcept>
 
        
       
         
     <lido:subjectConcept>
      <lido:conceptID lido:source="AAT" lido:type="subjectConcept">37772</lido:conceptID>
      <lido:term>chair</lido:term>
     </lido:subjectConcept>
 
        
       
         
     <lido:subjectConcept>
      <lido:conceptID lido:source="AAT" lido:type="subjectConcept">25943</lido:conceptID>
      <lido:term>woman</lido:term>
     </lido:subjectConcept>
 
        
       
         
     <lido:subjectConcept>
      <lido:conceptID lido:source="AAT" lido:type="subjectConcept">25928</lido:conceptID>
      <lido:term>man</lido:term>
     </lido:subjectConcept>
 
        
       
         
     <lido:subjectConcept>
      <lido:conceptID lido:source="AAT" lido:type="subjectConcept">56179</lido:conceptID>
      <lido:term>gesture</lido:term>
     </lido:subjectConcept>
 
        
       
         
     <lido:subjectConcept>
      <lido:conceptID lido:source="AAT" lido:type="subjectConcept">10279</lido:conceptID>
      <lido:term>interior</lido:term>
     </lido:subjectConcept>
 
        
       
          
     <lido:subjectEvent>
      <lido:event>
      <lido:eventID lido:source="AAT" lido:type="subjectEvent">151836</lido:eventID>
 
      <lido:eventType>
      <lido:conceptID lido:source="AAT" lido:type="subjectEvent">151836</lido:conceptID>
 
      <lido:term>death</lido:term>
 
      </lido:eventType>
      </lido:event>
     </lido:subjectEvent>
        
       
          
     <lido:subjectEvent>
      <lido:event>
      <lido:eventID lido:source="AAT" lido:type="subjectEvent">69678</lido:eventID>
 
      <lido:eventType>
      <lido:conceptID lido:source="AAT" lido:type="subjectEvent">69678</lido:conceptID>
 
      <lido:term>suicide</lido:term>
 
      </lido:eventType>
      </lido:event>
     </lido:subjectEvent>
        
         
   </lido:subject>
   </lido:subjectSet>
   </lido:subjectWrap>
     
 
    
            <lido:relatedWorksWrap>
       
      
    <lido:relatedWorkSet>
     <lido:relatedWork>
      <lido:displayObject>Helmut von Erffa, /The paintings of Benjamin West, /Yale University Press, New Haven, 1986, pp. 38-42, 182, no. 38, NJ18 W52 A12 E73  + OVERSIZE (YCBA)  </lido:displayObject>
     <lido:object>
      <lido:objectWebResource/>
      
      <lido:objectID lido:type="local" lido:source="LC Call Number">NJ18 W52 A12 E73  + OVERSIZE (YCBA)</lido:objectID>
      
      <lido:objectID lido:type="local" lido:source="OCLC Number">12665136</lido:objectID>
      
      
      
      
      
      
      
      
      
      
      
      
      
      <lido:objectID lido:type="local" lido:source="YCBA">754</lido:objectID>
      <lido:objectNote> Helmut von Erffa, The paintings of Benjamin West, Yale University Press, New Haven, 1986, pp. 38-42, 182, no. 38, NJ18 W52 A12 E73  + OVERSIZE (YCBA)   </lido:objectNote>
     </lido:object>
     </lido:relatedWork>
     <lido:relatedWorkRelType>
      <lido:conceptID  lido:type="local" lido:source="publication"></lido:conceptID>
       <lido:term>related to</lido:term>
     </lido:relatedWorkRelType>
    </lido:relatedWorkSet>
 
     
    
    
      
    <lido:relatedWorkSet>
     <lido:relatedWork>
      <lido:displayObject>John Gage, /Zwei Jahrhunderte englische Malerei, britische Kunst und Europa 1680 bis 1880 : [Ausstellung] Haus der Kunst Mèunchen, 21. November 1979 bis 27. Januar 1980: [Katalog], /Ausstellungsleitung Haus der Kunst Mèunchen, Mèunchen, 1979, pp. 257-58, no. 133, fig. 133, ND466 Z85 (YCBA)  </lido:displayObject>
     <lido:object>
      <lido:objectWebResource/>
      
      
      
      
      
      <lido:objectID lido:type="local" lido:source="LC Call Number">ND466 Z85 (YCBA)</lido:objectID>
      
      
      
      
      
      
      
      
      
      
      
      <lido:objectID lido:type="local" lido:source="YCBA">1339</lido:objectID>
      <lido:objectNote> John Gage, Zwei Jahrhunderte englische Malerei, britische Kunst und Europa 1680 bis 1880 : [Ausstellung] Haus der Kunst Mèunchen, 21. November 1979 bis 27. Januar 1980: [Katalog], Ausstellungsleitung Haus der Kunst Mèunchen, Mèunchen, 1979, pp. 257-58, no. 133, fig. 133, ND466 Z85 (YCBA)   </lido:objectNote>
     </lido:object>
     </lido:relatedWork>
     <lido:relatedWorkRelType>
      <lido:conceptID  lido:type="local" lido:source="publication"></lido:conceptID>
       <lido:term>related to</lido:term>
     </lido:relatedWorkRelType>
    </lido:relatedWorkSet>
 
     
    
    
      
    <lido:relatedWorkSet>
     <lido:relatedWork>
      <lido:displayObject>Anne Leonard, /The tragic muse : art and emotion, 1700-1900, /Smart Museum of Art, Chicago, Ill., 2011, p.75,114, no. 36, fig. 43, N71 L377 2001 (YCBA)  </lido:displayObject>
     <lido:object>
      <lido:objectWebResource/>
      
      
      
      
      
      
      
      <lido:objectID lido:type="local" lido:source="LC Call Number">N71 L377 2001 (YCBA)</lido:objectID>
      
      
      
      
      
      
      
      
      
      <lido:objectID lido:type="local" lido:source="YCBA">1730</lido:objectID>
      <lido:objectNote> Anne Leonard, The tragic muse : art and emotion, 1700-1900, Smart Museum of Art, Chicago, Ill., 2011, p.75,114, no. 36, fig. 43, N71 L377 2001 (YCBA)   </lido:objectNote>
     </lido:object>
     </lido:relatedWork>
     <lido:relatedWorkRelType>
      <lido:conceptID  lido:type="local" lido:source="publication"></lido:conceptID>
       <lido:term>related to</lido:term>
     </lido:relatedWorkRelType>
    </lido:relatedWorkSet>
 
     
    
    
      
    <lido:relatedWorkSet>
     <lido:relatedWork>
      <lido:displayObject>Steffi Roettgen, /Anton Raphael Mengs, 1728-1779, and his British patrons, /Zwemmer publisher, London, 1993, pp. 26, 41(note 81), NJ18 M536 R6413 1993 (YCBA)  </lido:displayObject>
     <lido:object>
      <lido:objectWebResource/>
      
      
      
      
      
      
      
      
      
      <lido:objectID lido:type="local" lido:source="LC Call Number">NJ18 M536 R6413 1993 (YCBA)</lido:objectID>
      
      <lido:objectID lido:type="local" lido:source="OCLC Number">28582131</lido:objectID>
      
      
      
      
      
      <lido:objectID lido:type="local" lido:source="YCBA">2258</lido:objectID>
      <lido:objectNote> Steffi Roettgen, Anton Raphael Mengs, 1728-1779, and his British patrons, Zwemmer publisher, London, 1993, pp. 26, 41(note 81), NJ18 M536 R6413 1993 (YCBA)   </lido:objectNote>
     </lido:object>
     </lido:relatedWork>
     <lido:relatedWorkRelType>
      <lido:conceptID  lido:type="local" lido:source="publication"></lido:conceptID>
       <lido:term>related to</lido:term>
     </lido:relatedWorkRelType>
    </lido:relatedWorkSet>
 
     
    
    
      
    <lido:relatedWorkSet>
     <lido:relatedWork>
      <lido:displayObject>Catherine M. Gordon, /British paintings Hogarth to Turner, /Frederick Warne, London, 1981, p. 70, ND466 G67  (YCBA)  </lido:displayObject>
     <lido:object>
      <lido:objectWebResource/>
      
      
      
      
      
      
      
      
      
      
      
      
      
      <lido:objectID lido:type="local" lido:source="LC Call Number">ND466 G67  (YCBA)</lido:objectID>
      
      <lido:objectID lido:type="local" lido:source="OCLC Number">07500731</lido:objectID>
      
      <lido:objectID lido:type="local" lido:source="YCBA">2775</lido:objectID>
      <lido:objectNote> Catherine M. Gordon, British paintings Hogarth to Turner, Frederick Warne, London, 1981, p. 70, ND466 G67  (YCBA)   </lido:objectNote>
     </lido:object>
     </lido:relatedWork>
     <lido:relatedWorkRelType>
      <lido:conceptID  lido:type="local" lido:source="publication"></lido:conceptID>
       <lido:term>related to</lido:term>
     </lido:relatedWorkRelType>
    </lido:relatedWorkSet>
 
     
    
    
    
   </lido:relatedWorksWrap>
  </lido:objectRelationWrap>
  
 </lido:descriptiveMetadata>
 
 
 
<lido:administrativeMetadata xml:lang="eng">
    
    <lido:rightsWorkWrap>
        <lido:rightsWorkSet>
            <lido:rightsType>
                <lido:conceptID lido:source="YCBA" lido:type="local" lido:label="object ownership">500303557</lido:conceptID>
                
            </lido:rightsType>
            
            <lido:rightsHolder>   
              
    <lido:legalBodyID lido:type="">500303557</lido:legalBodyID>
   
   
                <lido:legalBodyName>
                    <lido:appellationValue>Yale Center for British Art</lido:appellationValue>
  
                </lido:legalBodyName>
                <lido:legalBodyWeblink>http://collection.britishart.yale.edu/id/page/thesauri/ULAN/500303557</lido:legalBodyWeblink>
 
            </lido:rightsHolder>
            
            <lido:creditLine>Yale Center for British Art, Paul Mellon Collection</lido:creditLine>
        </lido:rightsWorkSet>
        
        
        <lido:rightsWorkSet>
            <lido:rightsType>
                <lido:conceptID lido:source="YCBA" lido:type="local" lido:label="object copyright">300055611</lido:conceptID>
                <lido:term>public domain</lido:term>
   
    <lido:term lido:label="url">http://hdl.handle.net/10079/w6m90dq</lido:term>
            </lido:rightsType>
            
            <lido:rightsHolder>
                <lido:legalBodyID lido:type="local" lido:label="Rights Administrator"></lido:legalBodyID>
  
                
                <lido:legalBodyName>
                    <lido:appellationValue></lido:appellationValue>
         
                </lido:legalBodyName>
                
                <lido:legalBodyWeblink></lido:legalBodyWeblink>
  
            </lido:rightsHolder>
            
            <lido:rightsHolder>
                <lido:legalBodyID lido:type="local" lido:label="Rights Holder"></lido:legalBodyID>
  
    
                <lido:legalBodyName>
                    <lido:appellationValue></lido:appellationValue>
     
                </lido:legalBodyName>
                
                <lido:legalBodyWeblink></lido:legalBodyWeblink>
   
            </lido:rightsHolder>
            
            <lido:creditLine>Public Domain</lido:creditLine>
                
           </lido:rightsWorkSet>
             
                
    </lido:rightsWorkWrap>
    
    <lido:recordWrap>
        
        <lido:recordID lido:type="local">451</lido:recordID>
        
        <lido:recordType>
            <lido:conceptID lido:source="AAT" lido:type="local">300133025</lido:conceptID>
            <lido:term>Item</lido:term>
       
        </lido:recordType>
 
        
        <lido:recordSource>
            <lido:legalBodyID lido:type="local">Yale Center for British Art</lido:legalBodyID>
            <lido:legalBodyName>
                <lido:appellationValue>Yale Center for British Art</lido:appellationValue>
            </lido:legalBodyName>
            <lido:legalBodyWeblink>http://britishart.yale.edu</lido:legalBodyWeblink>
        </lido:recordSource>
        
        
        <lido:recordInfoSet>
            <lido:recordInfoLink lido:formatResource="html">http://collections.britishart.yale.edu/vufind/Record/1668619</lido:recordInfoLink>
        </lido:recordInfoSet>
        
        <lido:recordInfoSet>
            <lido:recordInfoID lido:type="url" lido:source="YCBA">oai:tms.ycba.yale.edu:451</lido:recordInfoID>
        </lido:recordInfoSet>
        
    </lido:recordWrap>
    
    <lido:resourceWrap>
        <lido:resourceSet>
            
            <lido:resourceRepresentation lido:type="thumb">
                <lido:linkResource lido:formatResource="jpg">
                    
                    http://deliver.odai.yale.edu/content/repository/YCBA/object/451/type/2/format/1
                    
                    
                    
                    
                </lido:linkResource>
            </lido:resourceRepresentation>
            <lido:resourceRepresentation lido:type="large">
                <lido:linkResource lido:formatResource="jpg">
                    http://deliver.odai.yale.edu/content/repository/YCBA/object/451/type/2/format/3
                </lido:linkResource>
            </lido:resourceRepresentation>
            <lido:resourceRepresentation lido:type="list">
                <lido:linkResource lido:formatResource="json">
                    http://deliver.odai.yale.edu/info/repository/YCBA/object/451/type/2?output=jsonp&amp;callback=?
                </lido:linkResource>
            </lido:resourceRepresentation>
            <lido:resourceRepresentation lido:type="original">
                <lido:linkResource lido:formatResource="tif">
                    http://deliver.odai.yale.edu/content/repository/YCBA/object/451/type/2/format/6
                </lido:linkResource>
            </lido:resourceRepresentation>
            
            <lido:resourceType>
                <lido:term>digital image</lido:term>
            </lido:resourceType>
            
            <lido:resourceSource lido:type="image source">
                <lido:legalBodyName>
                    <lido:appellationValue>Yale Center for British Art</lido:appellationValue>
                </lido:legalBodyName>
                <lido:legalBodyWeblink>http://collection.britishart.yale.edu/id/page/thesauri/ULAN/500303557</lido:legalBodyWeblink>
  
            </lido:resourceSource>
            
            <lido:rightsResource>
                <lido:rightsType>
                    <lido:conceptID lido:source="" lido:type="url">http://hdl.handle.net/10079/gb5mkww</lido:conceptID>
                  
                    <lido:term>image use terms</lido:term>
                </lido:rightsType>
                
                
                
                <lido:rightsHolder>
                   
                    <lido:legalBodyName>
                        <lido:appellationValue></lido:appellationValue>
                    </lido:legalBodyName>
                </lido:rightsHolder>
    <lido:creditLine lido:label="image restrictions"></lido:creditLine>
            </lido:rightsResource>
        </lido:resourceSet>
    </lido:resourceWrap>
</lido:administrativeMetadata>
  
</lido:lido>
</metadata>
</record>
