<record><header><identifier>oai:tms.ycba.yale.edu:39185</identifier>
<datestamp>2015-12-24</datestamp>
<setSpec>ycba:ps</setSpec>
</header>
<metadata>
    <lido:lido 
 xmlns:lido="http://www.lido-schema.org" 
 xmlns:xsi="http://www.w3.org/2001/XMLSchema-instance" 
 xmlns:gml="http://www.opengis.net/gml"
 xsi:schemaLocation="http://www.lido-schema.org http://www.lido-schema.org/schema/v1.0/lido-v1.0.xsd">
    <lido:lidoRecID lido:source="Yale Center for British Art" lido:type="local">YCBA/lido-TMS-39185</lido:lidoRecID>
 <lido:category> 
  <lido:conceptID lido:type="URI">http://www.cidoc-crm.org/crm-concepts/#E22</lido:conceptID>
        <lido:term xml:lang="eng">Man-Made Object</lido:term>
    </lido:category>
 
 <lido:descriptiveMetadata xml:lang="eng">
 
 
  <lido:objectClassificationWrap>
   
   <lido:objectWorkTypeWrap> 
    
    <lido:objectWorkType>
     <lido:conceptID lido:source="AAT" lido:type="Object name">300312262</lido:conceptID>
     <lido:term>statuette</lido:term>
 
    </lido:objectWorkType>
    
    <lido:objectWorkType>
     <lido:conceptID lido:source="YCBA" lido:type="Genre">6</lido:conceptID>
     <lido:term>animal art</lido:term>
 
    </lido:objectWorkType>
    
    <lido:objectWorkType>
     <lido:conceptID lido:source="AAT" lido:type="Object name">300047090</lido:conceptID>
     <lido:term>sculpture</lido:term>
 
    </lido:objectWorkType>
    
   </lido:objectWorkTypeWrap>
 
   
   <lido:classificationWrap>
   
    <lido:classification>
     <lido:conceptID lido:source="AAT" lido:type="Classification">300047090</lido:conceptID>
     <lido:term>Sculpture</lido:term>
    </lido:classification>
   
   </lido:classificationWrap>
 
  </lido:objectClassificationWrap>
  
  
  
  <lido:objectIdentificationWrap>
   
   
   <lido:titleWrap>
   
    <lido:titleSet lido:type="Repository title"> 
     <lido:appellationValue lido:pref="preferred" xml:lang="eng">Shorthorn Bull: Bridgebank Paymaster</lido:appellationValue>
 
    </lido:titleSet>
    
   </lido:titleWrap>
   
  
   
   <lido:inscriptionsWrap> 
                <lido:inscriptions lido:type="Inscription">
                    <lido:inscriptionTranscription></lido:inscriptionTranscription>
                </lido:inscriptions>
                
    
                
            </lido:inscriptionsWrap>
   
            
            <lido:repositoryWrap>
                <lido:repositorySet lido:type="current">
                    
                    <lido:repositoryName>
        <lido:legalBodyID lido:source="ULAN" lido:type="local">500303557</lido:legalBodyID>
 
                        <lido:legalBodyName>
                            <lido:appellationValue>Yale Center for British Art</lido:appellationValue>
                        </lido:legalBodyName>
       <lido:legalBodyWeblink>http://britishart.yale.edu</lido:legalBodyWeblink>
 
                    </lido:repositoryName>
                    <lido:workID lido:type="inventory number">B2001.2.317</lido:workID>
     
                    
                 <lido:repositoryLocation>
     <lido:partOfPlace>
                        <lido:namePlaceSet>
                            <lido:appellationValue lido:label="On view or not">Not on view</lido:appellationValue>
                        </lido:namePlaceSet>
      <lido:gml>
                        <gml:Point>
                            <gml:coordinates/>
                        </gml:Point>
                        </lido:gml>
                    </lido:partOfPlace>
     
     
     
     
     
      <lido:partOfPlace>
       <lido:namePlaceSet>
        <lido:appellationValue lido:label="Site">Yale Center for British Art</lido:appellationValue>
  
       </lido:namePlaceSet>
       <lido:gml>            
        <gml:Point>
         <gml:coordinates>41.3080060, -72.9306282</gml:coordinates>
 
        </gml:Point>
       </lido:gml>
      </lido:partOfPlace>
       
      <lido:partOfPlace> 
       <lido:placeID lido:source="TGN" lido:type="Geo location">7</lido:placeID>
       <lido:namePlaceSet>
        <lido:appellationValue>New Haven</lido:appellationValue>
           
       </lido:namePlaceSet>
       <lido:gml>            
        <gml:Point>
         <gml:coordinates>41.3000, -72.9160</gml:coordinates>
        </gml:Point>
       </lido:gml>
      </lido:partOfPlace>
   
                    </lido:repositoryLocation>
    
                </lido:repositorySet>
       </lido:repositoryWrap>
   
            <lido:displayStateEditionWrap>
    
    
    
            </lido:displayStateEditionWrap>
   
            <lido:objectMeasurementsWrap>
    
                
     
     
     <lido:objectMeasurementsSet>
      <lido:displayObjectMeasurements>Overall: 9 1/2 x 13 1/2 x 5 1/2 inches (24.1 x 34.3 x 14 cm)</lido:displayObjectMeasurements>
     <lido:objectMeasurements>  
     
     
     <lido:measurementsSet>       
       <lido:measurementType>height</lido:measurementType>
       <lido:measurementUnit>cm</lido:measurementUnit>
  
       <lido:measurementValue>24.1</lido:measurementValue>
      </lido:measurementsSet>
         
      
     
     
     <lido:measurementsSet>       
       <lido:measurementType>width</lido:measurementType>
       <lido:measurementUnit>cm</lido:measurementUnit>
  
       <lido:measurementValue>34.3</lido:measurementValue>
      </lido:measurementsSet>
         
      
     
     
     <lido:measurementsSet>       
       <lido:measurementType>depth</lido:measurementType>
       <lido:measurementUnit>cm</lido:measurementUnit>
  
       <lido:measurementValue>14.0</lido:measurementValue>
      </lido:measurementsSet>
         
      
      
      <lido:extentMeasurements>Overall</lido:extentMeasurements>
  
      <lido:qualifierMeasurements></lido:qualifierMeasurements>
    
     </lido:objectMeasurements>
     </lido:objectMeasurementsSet>
     
       
     
       
            </lido:objectMeasurementsWrap>
   
  </lido:objectIdentificationWrap>
  
  
  <lido:eventWrap>
   <lido:eventSet>
    <lido:event>
    <lido:eventID lido:type="TMS">39185</lido:eventID>
     <lido:eventType>
     <lido:conceptID lido:source="AAT" lido:type="local">300054713</lido:conceptID>
      <lido:term>production</lido:term>
                    </lido:eventType>
    
     
            
     <lido:eventActor>
     
      
       <lido:displayActorInRole>Herbert Haseltine, 1877–1962, American</lido:displayActorInRole>
      
             
     
      <lido:actorInRole>   
                            <lido:actor lido:type="person"> 
                   <lido:actorID lido:source="YCBA" lido:type="local">5168</lido:actorID>
 
        
           
                        
       <lido:nameActorSet>
          
                    
                                    <lido:appellationValue lido:pref="preferred">Herbert Haseltine</lido:appellationValue>
         
        
       </lido:nameActorSet>
        
        
        
                                <lido:nationalityActor>
                                    <lido:term>American</lido:term>
                                </lido:nationalityActor>
        
        
                                <lido:vitalDatesActor>
         
                                    <lido:earliestDate lido:type="estimatedDate">1877</lido:earliestDate>
                                    
         
         <lido:latestDate lido:type="estimatedDate">1962</lido:latestDate>
         
                                </lido:vitalDatesActor>
        
           
        <lido:genderActor>male</lido:genderActor>
        
        
                            </lido:actor>
      
      
       <lido:roleActor>
        <lido:conceptID lido:source="AAT" lido:type="Object related role">300025103</lido:conceptID>
        <lido:term>Artist</lido:term>
       </lido:roleActor>
       
       
      
        
       <lido:roleActor>
               
        <lido:conceptID lido:source="AAT" lido:type="Life role">2</lido:conceptID>
        <lido:term>sculptor</lido:term>
        
       </lido:roleActor>
      
      
      <lido:attributionQualifierActor></lido:attributionQualifierActor>
      </lido:actorInRole>
     </lido:eventActor>
                     
     
       
       
            
        
        
   
     
                    <lido:eventDate>
                        <lido:displayDate>between 1966 and 1967</lido:displayDate>
                        <lido:date>
                            <lido:earliestDate>1966</lido:earliestDate>
                            <lido:latestDate>1967</lido:latestDate>
                        </lido:date>
                    </lido:eventDate>
                    
                    <lido:periodName>
      <lido:conceptID lido:type="local" lido:source="YCBA">26</lido:conceptID>
                        <lido:term>20th century</lido:term>
 
                    </lido:periodName>
     
           
      
     
     
     <lido:eventPlace lido:type="Birth place"> 
      <lido:displayPlace>Roma</lido:displayPlace>
       <lido:place>
       <lido:namePlaceSet> 
         <lido:appellationValue>Roma</lido:appellationValue>
       </lido:namePlaceSet>
       
       <lido:gml> 
                               <gml:Point> 
                                    <gml:coordinates>41.8830, 12.5000</gml:coordinates>
 
                                </gml:Point>
 
                            </lido:gml>
 
       <lido:placeClassification>
                                <lido:conceptID lido:source="TGN" lido:type="Birth place">7</lido:conceptID>
                            </lido:placeClassification>
       
       </lido:place>
      </lido:eventPlace>
      
        
      
      
                      
                    <lido:eventMaterialsTech>
                        <lido:displayMaterialsTech>Bronze ( posthumous cast )</lido:displayMaterialsTech>
      
     <lido:materialsTech>
       
      
                            <lido:termMaterialsTech>
                                <lido:conceptID lido:type="medium" lido:source="AAT">10957</lido:conceptID>
                                <lido:term>bronze</lido:term>
                            </lido:termMaterialsTech>
 
      
       
      </lido:materialsTech>
                    </lido:eventMaterialsTech>
     
    </lido:event>
            </lido:eventSet>
   
   
   
   
            
                  
                
                   
     
                       
                    
               
           
   
   
   
  
   
<lido:eventSet> 
<lido:displayEvent>Connections</lido:displayEvent>
   
    <lido:event>
        <lido:eventID lido:type="local">757</lido:eventID>
 
        <lido:eventType>
            <lido:conceptID lido:type="local">300054766</lido:conceptID>
            <lido:term>exhibition</lido:term>
        </lido:eventType>
        <lido:eventName>
            <lido:appellationValue>Connections</lido:appellationValue>
   <lido:sourceAppellation>Yale Center for British Art</lido:sourceAppellation>
        </lido:eventName>
    
        
  
   
            <lido:eventActor>
                <lido:displayActorInRole>Yale Center for British Art </lido:displayActorInRole>
    <lido:actorInRole>
                    <lido:actor lido:type="">
                        <lido:actorID lido:source="TMS" lido:type="local">1281</lido:actorID>
                           
      
                        <lido:nameActorSet>
                            <lido:appellationValue lido:pref="alternate">YCBA</lido:appellationValue>
                                <lido:sourceAppellation/>
                        </lido:nameActorSet>
      
                           
      
                        <lido:nameActorSet>
                            <lido:appellationValue lido:pref="alternate">BAC</lido:appellationValue>
                                <lido:sourceAppellation/>
                        </lido:nameActorSet>
      
                           
      
                        <lido:nameActorSet>
                            <lido:appellationValue lido:pref="preferred">Yale Center for British Art</lido:appellationValue>
                                <lido:sourceAppellation/>
                        </lido:nameActorSet>
      
                           
      
                        <lido:nameActorSet>
                            <lido:appellationValue lido:pref="alternate">British Art Center</lido:appellationValue>
                                <lido:sourceAppellation/>
                        </lido:nameActorSet>
      
                           
      
                           
      
                           
      
                           
      
                          
                        
                        <lido:vitalDatesActor>
                            <lido:earliestDate lido:type="estimatedDate">1977</lido:earliestDate>
                            <lido:latestDate lido:type="estimatedDate">9999</lido:latestDate>
                        </lido:vitalDatesActor>
                        
                    </lido:actor>
         
      
      <lido:roleActor>
       <lido:conceptID lido:label="exhibition related constituent role" lido:source="YCBA" lido:type="local">63</lido:conceptID>
       <lido:term>Organizer</lido:term>
      </lido:roleActor>
      
         
      
            
                    </lido:actorInRole>
            </lido:eventActor>
            
   
            <lido:eventDate> 
                <lido:displayDate>2011-05-26 - 2011-09-11</lido:displayDate>
                <lido:date>
                    <lido:earliestDate>2011-05-26</lido:earliestDate>
                    <lido:latestDate>2011-09-11</lido:latestDate>
                </lido:date>
            </lido:eventDate>
 
            
            <lido:eventPlace>
                <lido:displayPlace>Yale Center for British Art</lido:displayPlace>
                <lido:place lido:geographicalEntity="geographic location">
                <lido:placeID lido:source="TGN" lido:type="Geo Location"></lido:placeID>
                    <lido:namePlaceSet>
                        <lido:appellationValue lido:label="Site">Yale Center for British Art</lido:appellationValue>
                    </lido:namePlaceSet>
                   
                    
                    
                    
                     
                   </lido:place>
            </lido:eventPlace>
  
  
 </lido:event>
</lido:eventSet>
     
<lido:eventSet> 
<lido:displayEvent>Taste &amp; Beauty in Three Dimensions: Paul Mellon and British Sculpture</lido:displayEvent>
   
    <lido:event>
        <lido:eventID lido:type="local">177</lido:eventID>
 
        <lido:eventType>
            <lido:conceptID lido:type="local">300054766</lido:conceptID>
            <lido:term>exhibition</lido:term>
        </lido:eventType>
        <lido:eventName>
            <lido:appellationValue>Taste &amp; Beauty in Three Dimensions: Paul Mellon and British Sculpture</lido:appellationValue>
   <lido:sourceAppellation>Yale Center for British Art</lido:sourceAppellation>
        </lido:eventName>
    
        
  
   
            <lido:eventActor>
                <lido:displayActorInRole>Yale Center for British Art </lido:displayActorInRole>
    <lido:actorInRole>
                    <lido:actor lido:type="">
                        <lido:actorID lido:source="TMS" lido:type="local">1281</lido:actorID>
                           
      
                           
      
                           
      
                           
      
                           
      
                        <lido:nameActorSet>
                            <lido:appellationValue lido:pref="alternate">YCBA</lido:appellationValue>
                                <lido:sourceAppellation/>
                        </lido:nameActorSet>
      
                           
      
                        <lido:nameActorSet>
                            <lido:appellationValue lido:pref="alternate">BAC</lido:appellationValue>
                                <lido:sourceAppellation/>
                        </lido:nameActorSet>
      
                           
      
                        <lido:nameActorSet>
                            <lido:appellationValue lido:pref="preferred">Yale Center for British Art</lido:appellationValue>
                                <lido:sourceAppellation/>
                        </lido:nameActorSet>
      
                           
      
                        <lido:nameActorSet>
                            <lido:appellationValue lido:pref="alternate">British Art Center</lido:appellationValue>
                                <lido:sourceAppellation/>
                        </lido:nameActorSet>
      
                          
                        
                        <lido:vitalDatesActor>
                            <lido:earliestDate lido:type="estimatedDate">1977</lido:earliestDate>
                            <lido:latestDate lido:type="estimatedDate">9999</lido:latestDate>
                        </lido:vitalDatesActor>
                        
                    </lido:actor>
         
      
         
      
      <lido:roleActor>
       <lido:conceptID lido:label="exhibition related constituent role" lido:source="AAT" lido:type="local">300025633</lido:conceptID>
       <lido:term>Curator</lido:term>
      </lido:roleActor>
      
            
                    </lido:actorInRole>
            </lido:eventActor>
            
   
            <lido:eventDate> 
                <lido:displayDate>2002-10-23 - 2004-02-15</lido:displayDate>
                <lido:date>
                    <lido:earliestDate>2002-10-23</lido:earliestDate>
                    <lido:latestDate>2004-02-15</lido:latestDate>
                </lido:date>
            </lido:eventDate>
 
            
            <lido:eventPlace>
                <lido:displayPlace>Yale Center for British Art</lido:displayPlace>
                <lido:place lido:geographicalEntity="geographic location">
                <lido:placeID lido:source="TGN" lido:type="Geo Location"></lido:placeID>
                    <lido:namePlaceSet>
                        <lido:appellationValue lido:label="Site">Yale Center for British Art</lido:appellationValue>
                    </lido:namePlaceSet>
                   
                    
                    
                    
                     
                   </lido:place>
            </lido:eventPlace>
  
  
 </lido:event>
</lido:eventSet>
   
   
    
                            <lido:eventSet>
       
                                <lido:event>
                                    <lido:eventID lido:type="TMS">39185</lido:eventID>
 
                                    <lido:eventType>
                                        <lido:conceptID lido:source="AAT" lido:type="local">300157782</lido:conceptID>
                                        <lido:term>acquisition</lido:term>
   
                                    </lido:eventType>
                                    <lido:eventActor>
                                        <lido:displayActorInRole>Yale Center for British Art</lido:displayActorInRole>
                                        <lido:actorInRole>
                                            <lido:actor lido:type="institution">
                                                <lido:actorID lido:source="AAT" lido:type="local">1281</lido:actorID>
                                                
           <lido:nameActorSet>
           
            
                                                  <lido:appellationValue lido:pref="alternate">YCBA</lido:appellationValue>
        
            
                                                  <lido:appellationValue lido:pref="alternate">BAC</lido:appellationValue>
        
            
                                                  <lido:appellationValue lido:pref="preferred">Yale Center for British Art</lido:appellationValue>
        
            
                                                  <lido:appellationValue lido:pref="alternate">British Art Center</lido:appellationValue>
        
            
            
           </lido:nameActorSet>
          <lido:nationalityActor/>
                                                <lido:vitalDatesActor>
                                                    <lido:earliestDate lido:label="estimatedDate" lido:type="">1977</lido:earliestDate>
                                                    <lido:latestDate lido:label="estimatedDate" lido:type="">9999</lido:latestDate>
                                                </lido:vitalDatesActor>
                                                <lido:genderActor/>
                                            </lido:actor>
                                            <lido:roleActor>
                                                <lido:conceptID lido:source="AAT" lido:type="local" lido:label="Acquisition related role">300203630</lido:conceptID>
                                                <lido:term>Owner</lido:term>
                                            </lido:roleActor>
                                            <lido:attributionQualifierActor/>
                                        </lido:actorInRole>
                                    </lido:eventActor>
                                    <lido:culture/>
                                    <lido:eventDate>
                                        <lido:displayDate>2001-01-05</lido:displayDate>
                                        <lido:date>
                                            <lido:earliestDate>2001-01-05</lido:earliestDate>
                                            <lido:latestDate>2001-01-05</lido:latestDate>
                                        </lido:date>
                                    </lido:eventDate>
 
                                    <lido:periodName/>
                                   <lido:eventPlace/>
                                    <lido:eventMethod>
                                        <lido:conceptID lido:type="local" lido:source="AAT">300079440</lido:conceptID>
                                        <lido:term>bequest</lido:term>
                                    </lido:eventMethod>
                                </lido:event>
       
                            </lido:eventSet>
      
            
   
   
    
   
   </lido:eventWrap>
   
  
        <lido:objectRelationWrap>
  
  
  
            <lido:subjectWrap>
   <lido:subjectSet> 
   <lido:subject lido:type="description">                 
       
         
     <lido:subjectConcept>
      <lido:conceptID lido:source="local" lido:type="subjectConcept">-1</lido:conceptID>
      <lido:term>bull</lido:term>
     </lido:subjectConcept>
 
        
       
         
     <lido:subjectConcept>
      <lido:conceptID lido:source="AAT" lido:type="subjectConcept">11826</lido:conceptID>
      <lido:term>horns</lido:term>
     </lido:subjectConcept>
 
        
       
         
     <lido:subjectConcept>
      <lido:conceptID lido:source="local" lido:type="subjectConcept">-1</lido:conceptID>
      <lido:term>animal art</lido:term>
     </lido:subjectConcept>
 
        
         
   </lido:subject>
   </lido:subjectSet>
   </lido:subjectWrap>
     
 
    
            <lido:relatedWorksWrap>
       
      
    <lido:relatedWorkSet>
     <lido:relatedWork>
      <lido:displayObject>/Taste &amp; beauty in three dimensions : Paul Mellon and British sculpture, , /Yale Center for British Art, New Haven, Conn., 2002, p. [7], no. 31, V 1426 (YCBA)  </lido:displayObject>
     <lido:object>
      <lido:objectWebResource/>
      
      <lido:objectID lido:type="local" lido:source="OCLC Number">701788194</lido:objectID>
      
      <lido:objectID lido:type="local" lido:source="LC Call Number">V 1426 (YCBA)</lido:objectID>
      
      <lido:objectID lido:type="local" lido:source="YCBA">645</lido:objectID>
      <lido:objectNote> Taste &amp; beauty in three dimensions : Paul Mellon and British sculpture, , Yale Center for British Art, New Haven, Conn., 2002, p. [7], no. 31, V 1426 (YCBA)   </lido:objectNote>
     </lido:object>
     </lido:relatedWork>
     <lido:relatedWorkRelType>
      <lido:conceptID  lido:type="local" lido:source="publication"></lido:conceptID>
       <lido:term>related to</lido:term>
     </lido:relatedWorkRelType>
    </lido:relatedWorkSet>
 
     
    
    
    
   </lido:relatedWorksWrap>
  </lido:objectRelationWrap>
  
 </lido:descriptiveMetadata>
 
 
 
<lido:administrativeMetadata xml:lang="eng">
    
    <lido:rightsWorkWrap>
        <lido:rightsWorkSet>
            <lido:rightsType>
                <lido:conceptID lido:source="YCBA" lido:type="local" lido:label="object ownership">500303557</lido:conceptID>
                
            </lido:rightsType>
            
            <lido:rightsHolder>   
              
    <lido:legalBodyID lido:type="">500303557</lido:legalBodyID>
   
   
                <lido:legalBodyName>
                    <lido:appellationValue>Yale Center for British Art</lido:appellationValue>
  
                </lido:legalBodyName>
                <lido:legalBodyWeblink>http://collection.britishart.yale.edu/id/page/thesauri/ULAN/500303557</lido:legalBodyWeblink>
 
            </lido:rightsHolder>
            
            <lido:creditLine>Yale Center for British Art, Paul Mellon Collection</lido:creditLine>
        </lido:rightsWorkSet>
        
        
        <lido:rightsWorkSet>
            <lido:rightsType>
                <lido:conceptID lido:source="YCBA" lido:type="local" lido:label="object copyright">55</lido:conceptID>
                <lido:term>under copyright</lido:term>
   
    <lido:term lido:label="url">http://hdl.handle.net/10079/rfj6qd5</lido:term>
            </lido:rightsType>
            
            <lido:rightsHolder>
                <lido:legalBodyID lido:type="local" lido:label="Rights Administrator"></lido:legalBodyID>
  
                
                <lido:legalBodyName>
                    <lido:appellationValue></lido:appellationValue>
         
                </lido:legalBodyName>
                
                <lido:legalBodyWeblink></lido:legalBodyWeblink>
  
            </lido:rightsHolder>
            
            <lido:rightsHolder>
                <lido:legalBodyID lido:type="local" lido:label="Rights Holder"></lido:legalBodyID>
  
    
                <lido:legalBodyName>
                    <lido:appellationValue></lido:appellationValue>
     
                </lido:legalBodyName>
                
                <lido:legalBodyWeblink></lido:legalBodyWeblink>
   
            </lido:rightsHolder>
            
            <lido:creditLine>© Estate of the Artist</lido:creditLine>
                
           </lido:rightsWorkSet>
             
                
    </lido:rightsWorkWrap>
    
    <lido:recordWrap>
        
        <lido:recordID lido:type="local">39185</lido:recordID>
        
        <lido:recordType>
            <lido:conceptID lido:source="AAT" lido:type="local">300133025</lido:conceptID>
            <lido:term>Item</lido:term>
       
        </lido:recordType>
 
        
        <lido:recordSource>
            <lido:legalBodyID lido:type="local">Yale Center for British Art</lido:legalBodyID>
            <lido:legalBodyName>
                <lido:appellationValue>Yale Center for British Art</lido:appellationValue>
            </lido:legalBodyName>
            <lido:legalBodyWeblink>http://britishart.yale.edu</lido:legalBodyWeblink>
        </lido:recordSource>
        
        
        <lido:recordInfoSet>
            <lido:recordInfoLink lido:formatResource="html">http://collections.britishart.yale.edu/vufind/Record/1668232</lido:recordInfoLink>
        </lido:recordInfoSet>
        
        <lido:recordInfoSet>
            <lido:recordInfoID lido:type="url" lido:source="YCBA">oai:tms.ycba.yale.edu:39185</lido:recordInfoID>
        </lido:recordInfoSet>
        
    </lido:recordWrap>
    
    <lido:resourceWrap>
        <lido:resourceSet>
            
            <lido:resourceRepresentation lido:type="thumb">
                <lido:linkResource lido:formatResource="jpg">
                    
                    http://deliver.odai.yale.edu/content/repository/YCBA/object/39185/type/2/format/1
                    
                    
                    
                    
                </lido:linkResource>
            </lido:resourceRepresentation>
            <lido:resourceRepresentation lido:type="large">
                <lido:linkResource lido:formatResource="jpg">
                    http://deliver.odai.yale.edu/content/repository/YCBA/object/39185/type/2/format/3
                </lido:linkResource>
            </lido:resourceRepresentation>
            <lido:resourceRepresentation lido:type="list">
                <lido:linkResource lido:formatResource="json">
                    http://deliver.odai.yale.edu/info/repository/YCBA/object/39185/type/2?output=jsonp&amp;callback=?
                </lido:linkResource>
            </lido:resourceRepresentation>
            <lido:resourceRepresentation lido:type="original">
                <lido:linkResource lido:formatResource="tif">
                    http://deliver.odai.yale.edu/content/repository/YCBA/object/39185/type/2/format/6
                </lido:linkResource>
            </lido:resourceRepresentation>
            
            <lido:resourceType>
                <lido:term>digital image</lido:term>
            </lido:resourceType>
            
            <lido:resourceSource lido:type="image source">
                <lido:legalBodyName>
                    <lido:appellationValue>Yale Center for British Art</lido:appellationValue>
                </lido:legalBodyName>
                <lido:legalBodyWeblink>http://collection.britishart.yale.edu/id/page/thesauri/ULAN/500303557</lido:legalBodyWeblink>
  
            </lido:resourceSource>
            
            <lido:rightsResource>
                <lido:rightsType>
                    <lido:conceptID lido:source="" lido:type="url">http://hdl.handle.net/10079/gb5mkww</lido:conceptID>
                  
                    <lido:term>image use terms</lido:term>
                </lido:rightsType>
                
                
                
                <lido:rightsHolder>
                   
                    <lido:legalBodyName>
                        <lido:appellationValue></lido:appellationValue>
                    </lido:legalBodyName>
                </lido:rightsHolder>
    <lido:creditLine lido:label="image restrictions"></lido:creditLine>
            </lido:rightsResource>
        </lido:resourceSet>
    </lido:resourceWrap>
</lido:administrativeMetadata>
  
</lido:lido>
</metadata>
</record>
