<record><header><identifier>oai:tms.ycba.yale.edu:54603</identifier>
<datestamp>2016-03-17</datestamp>
<setSpec>ycba:pd</setSpec>
</header>
<metadata>
    <lido:lido 
 xmlns:lido="http://www.lido-schema.org" 
 xmlns:xsi="http://www.w3.org/2001/XMLSchema-instance" 
 xmlns:gml="http://www.opengis.net/gml"
 xsi:schemaLocation="http://www.lido-schema.org http://www.lido-schema.org/schema/v1.0/lido-v1.0.xsd">
    <lido:lidoRecID lido:source="Yale Center for British Art" lido:type="local">YCBA/lido-TMS-54603</lido:lidoRecID>
 <lido:category> 
  <lido:conceptID lido:type="URI">http://www.cidoc-crm.org/crm-concepts/#E22</lido:conceptID>
        <lido:term xml:lang="eng">Man-Made Object</lido:term>
    </lido:category>
 
 <lido:descriptiveMetadata xml:lang="eng">
 
 
  <lido:objectClassificationWrap>
   
   <lido:objectWorkTypeWrap> 
    
    <lido:objectWorkType>
     <lido:conceptID lido:source="AAT" lido:type="Object name">300041338</lido:conceptID>
     <lido:term>intaglio print</lido:term>
 
    </lido:objectWorkType>
    
    <lido:objectWorkType>
     <lido:conceptID lido:source="YCBA" lido:type="Genre">9</lido:conceptID>
     <lido:term>genre subject</lido:term>
 
    </lido:objectWorkType>
    
    <lido:objectWorkType>
     <lido:conceptID lido:source="YCBA" lido:type="Genre">11</lido:conceptID>
     <lido:term>marine art</lido:term>
 
    </lido:objectWorkType>
    
   </lido:objectWorkTypeWrap>
 
   
   <lido:classificationWrap>
   
    <lido:classification>
     <lido:conceptID lido:source="AAT" lido:type="Classification">300041273</lido:conceptID>
     <lido:term>Print</lido:term>
    </lido:classification>
   
   </lido:classificationWrap>
 
  </lido:objectClassificationWrap>
  
  
  
  <lido:objectIdentificationWrap>
   
   
   <lido:titleWrap>
   
    <lido:titleSet lido:type="Repository title"> 
     <lido:appellationValue lido:pref="preferred" xml:lang="eng">Bunting</lido:appellationValue>
 
    </lido:titleSet>
   
    <lido:titleSet lido:type="Collective title"> 
     <lido:appellationValue lido:pref="alternate" xml:lang="eng">The Naval Review</lido:appellationValue>
 
    </lido:titleSet>
    
   </lido:titleWrap>
   
  
   
   <lido:inscriptionsWrap> 
                <lido:inscriptions lido:type="Inscription">
                    <lido:inscriptionTranscription></lido:inscriptionTranscription>
                </lido:inscriptions>
                <lido:inscriptions lido:type="Marks">
                    <lido:inscriptionTranscription>collector's stamp of Harris G. Whittemore (Lugt 1384a), in gray ink, on back, upper center; collector's stamp of Howard Mansfield (Lugt 1342) in blue ink, on back, lower right</lido:inscriptionTranscription>
                </lido:inscriptions>
    <lido:inscriptions lido:type="Lettering">
                    <lido:inscriptionTranscription>Lower left within image: butterfly design representing Whistler's signature</lido:inscriptionTranscription>
                </lido:inscriptions>
                <lido:inscriptions lido:type="Signature">
                    <lido:inscriptionTranscription>Signed with graphite butterfly monogram, lower left</lido:inscriptionTranscription>
                </lido:inscriptions>
            </lido:inscriptionsWrap>
   
            
            <lido:repositoryWrap>
                <lido:repositorySet lido:type="current">
                    
                    <lido:repositoryName>
        <lido:legalBodyID lido:source="ULAN" lido:type="local">500303557</lido:legalBodyID>
 
                        <lido:legalBodyName>
                            <lido:appellationValue>Yale Center for British Art</lido:appellationValue>
                        </lido:legalBodyName>
       <lido:legalBodyWeblink>http://britishart.yale.edu</lido:legalBodyWeblink>
 
                    </lido:repositoryName>
                    <lido:workID lido:type="inventory number">B2002.8.8</lido:workID>
     
                    
                 <lido:repositoryLocation>
     <lido:partOfPlace>
                        <lido:namePlaceSet>
                            <lido:appellationValue lido:label="On view or not">Not on view</lido:appellationValue>
                        </lido:namePlaceSet>
      <lido:gml>
                        <gml:Point>
                            <gml:coordinates/>
                        </gml:Point>
                        </lido:gml>
                    </lido:partOfPlace>
     
     
     
     
     
      <lido:partOfPlace>
       <lido:namePlaceSet>
        <lido:appellationValue lido:label="Site">Yale Center for British Art</lido:appellationValue>
  
       </lido:namePlaceSet>
       <lido:gml>            
        <gml:Point>
         <gml:coordinates>41.3080060, -72.9306282</gml:coordinates>
 
        </gml:Point>
       </lido:gml>
      </lido:partOfPlace>
       
      <lido:partOfPlace> 
       <lido:placeID lido:source="TGN" lido:type="Geo location">7</lido:placeID>
       <lido:namePlaceSet>
        <lido:appellationValue>New Haven</lido:appellationValue>
           
       </lido:namePlaceSet>
       <lido:gml>            
        <gml:Point>
         <gml:coordinates>41.3000, -72.9160</gml:coordinates>
        </gml:Point>
       </lido:gml>
      </lido:partOfPlace>
   
                    </lido:repositoryLocation>
    
                </lido:repositorySet>
       </lido:repositoryWrap>
   
            <lido:displayStateEditionWrap>
    
    
       
    <lido:sourceStateEdition>Lochnan 1984 K324 [HM318]</lido:sourceStateEdition>
    
            </lido:displayStateEditionWrap>
   
            <lido:objectMeasurementsWrap>
    
                
     
     
     <lido:objectMeasurementsSet>
      <lido:displayObjectMeasurements>Sheet: 6 15/16 x 4 7/8 inches (17.7 x 12.4 cm)</lido:displayObjectMeasurements>
     <lido:objectMeasurements>  
     
     
     <lido:measurementsSet>       
       <lido:measurementType>height</lido:measurementType>
       <lido:measurementUnit>cm</lido:measurementUnit>
  
       <lido:measurementValue>17.7</lido:measurementValue>
      </lido:measurementsSet>
         
      
     
     
     <lido:measurementsSet>       
       <lido:measurementType>width</lido:measurementType>
       <lido:measurementUnit>cm</lido:measurementUnit>
  
       <lido:measurementValue>12.4</lido:measurementValue>
      </lido:measurementsSet>
         
      
     
     
     <lido:measurementsSet>       
       <lido:measurementType>width</lido:measurementType>
       <lido:measurementUnit>cm</lido:measurementUnit>
  
       <lido:measurementValue>12.4</lido:measurementValue>
      </lido:measurementsSet>
         
      
     
     
     <lido:measurementsSet>       
       <lido:measurementType>height</lido:measurementType>
       <lido:measurementUnit>cm</lido:measurementUnit>
  
       <lido:measurementValue>17.4</lido:measurementValue>
      </lido:measurementsSet>
         
      
     
      
     
      
     
      
     
      
      
      <lido:extentMeasurements>Sheet</lido:extentMeasurements>
  
      <lido:qualifierMeasurements></lido:qualifierMeasurements>
    
     </lido:objectMeasurements>
     </lido:objectMeasurementsSet>
     
       
     
     
     <lido:objectMeasurementsSet>
      <lido:displayObjectMeasurements>Sheet: 6 7/8 x 4 7/8 inches (17.4 x 12.4 cm)</lido:displayObjectMeasurements>
     <lido:objectMeasurements>  
     
     
     <lido:measurementsSet>       
       <lido:measurementType>height</lido:measurementType>
       <lido:measurementUnit>cm</lido:measurementUnit>
  
       <lido:measurementValue>17.7</lido:measurementValue>
      </lido:measurementsSet>
         
      
     
     
     <lido:measurementsSet>       
       <lido:measurementType>width</lido:measurementType>
       <lido:measurementUnit>cm</lido:measurementUnit>
  
       <lido:measurementValue>12.4</lido:measurementValue>
      </lido:measurementsSet>
         
      
     
     
     <lido:measurementsSet>       
       <lido:measurementType>width</lido:measurementType>
       <lido:measurementUnit>cm</lido:measurementUnit>
  
       <lido:measurementValue>12.4</lido:measurementValue>
      </lido:measurementsSet>
         
      
     
     
     <lido:measurementsSet>       
       <lido:measurementType>height</lido:measurementType>
       <lido:measurementUnit>cm</lido:measurementUnit>
  
       <lido:measurementValue>17.4</lido:measurementValue>
      </lido:measurementsSet>
         
      
     
      
     
      
     
      
     
      
      
      <lido:extentMeasurements>Sheet</lido:extentMeasurements>
  
      <lido:qualifierMeasurements></lido:qualifierMeasurements>
    
     </lido:objectMeasurements>
     </lido:objectMeasurementsSet>
     
       
     
     
     <lido:objectMeasurementsSet>
      <lido:displayObjectMeasurements>Plate: 6 7/8 x 4 7/8 inches (17.4 x 12.4 cm)</lido:displayObjectMeasurements>
     <lido:objectMeasurements>  
     
      
     
      
     
      
     
      
     
     
     <lido:measurementsSet>       
       <lido:measurementType>height</lido:measurementType>
       <lido:measurementUnit>cm</lido:measurementUnit>
  
       <lido:measurementValue>17.4</lido:measurementValue>
      </lido:measurementsSet>
         
      
     
     
     <lido:measurementsSet>       
       <lido:measurementType>width</lido:measurementType>
       <lido:measurementUnit>cm</lido:measurementUnit>
  
       <lido:measurementValue>12.4</lido:measurementValue>
      </lido:measurementsSet>
         
      
     
      
     
      
      
      <lido:extentMeasurements>Plate</lido:extentMeasurements>
  
      <lido:qualifierMeasurements></lido:qualifierMeasurements>
    
     </lido:objectMeasurements>
     </lido:objectMeasurementsSet>
     
       
     
     
     <lido:objectMeasurementsSet>
      <lido:displayObjectMeasurements>Image: 6 7/8 x 4 7/8 inches (17.4 x 12.4 cm)</lido:displayObjectMeasurements>
     <lido:objectMeasurements>  
     
      
     
      
     
      
     
      
     
      
     
      
     
     
     <lido:measurementsSet>       
       <lido:measurementType>height</lido:measurementType>
       <lido:measurementUnit>cm</lido:measurementUnit>
  
       <lido:measurementValue>17.4</lido:measurementValue>
      </lido:measurementsSet>
         
      
     
     
     <lido:measurementsSet>       
       <lido:measurementType>width</lido:measurementType>
       <lido:measurementUnit>cm</lido:measurementUnit>
  
       <lido:measurementValue>12.4</lido:measurementValue>
      </lido:measurementsSet>
         
      
      
      <lido:extentMeasurements>Image</lido:extentMeasurements>
  
      <lido:qualifierMeasurements></lido:qualifierMeasurements>
    
     </lido:objectMeasurements>
     </lido:objectMeasurementsSet>
     
       
     
       
            </lido:objectMeasurementsWrap>
   
  </lido:objectIdentificationWrap>
  
  
  <lido:eventWrap>
   <lido:eventSet>
    <lido:event>
    <lido:eventID lido:type="TMS">54603</lido:eventID>
     <lido:eventType>
     <lido:conceptID lido:source="AAT" lido:type="local">300054713</lido:conceptID>
      <lido:term>production</lido:term>
                    </lido:eventType>
    
     
            
     <lido:eventActor>
     
      
       <lido:displayActorInRole>Print made by James McNeill Whistler, 1834–1903, American, active in Britain (from 1859)</lido:displayActorInRole>
      
             
     
      <lido:actorInRole>   
                            <lido:actor lido:type="person"> 
                   <lido:actorID lido:source="YCBA" lido:type="local">59</lido:actorID>
 
        
           
                        
       <lido:nameActorSet>
          
                    
                                    <lido:appellationValue lido:pref="alternate">James Abbot McNeill Whistler</lido:appellationValue>
         
          
                    
                                    <lido:appellationValue lido:pref="alternate">James A. McNeill Whistler</lido:appellationValue>
         
          
                    
                                    <lido:appellationValue lido:pref="alternate">James Abbot MacNeil Whistler</lido:appellationValue>
         
          
                    
                                    <lido:appellationValue lido:pref="alternate">James Abbot McNeil Whistler</lido:appellationValue>
         
          
                    
                                    <lido:appellationValue lido:pref="preferred">James McNeill Whistler</lido:appellationValue>
         
        
       </lido:nameActorSet>
        
        
        
                                <lido:nationalityActor>
                                    <lido:term>American, active in Britain (from 1859)</lido:term>
                                </lido:nationalityActor>
        
        
                                <lido:vitalDatesActor>
         
                                    <lido:earliestDate lido:type="estimatedDate">1834</lido:earliestDate>
                                    
         
         <lido:latestDate lido:type="estimatedDate">1903</lido:latestDate>
         
                                </lido:vitalDatesActor>
        
           
        <lido:genderActor>male</lido:genderActor>
        
        
                            </lido:actor>
      
      
       <lido:roleActor>
        <lido:conceptID lido:source="YCBA" lido:type="Object related role">48</lido:conceptID>
        <lido:term>Printmaker</lido:term>
       </lido:roleActor>
       
       
      
        
       <lido:roleActor>
               
        <lido:conceptID lido:source="AAT" lido:type="Life role">2</lido:conceptID>
        <lido:term>painter (artist)</lido:term>
        
       </lido:roleActor>
      
        
       <lido:roleActor>
               
        <lido:conceptID lido:source="AAT" lido:type="Life role">2</lido:conceptID>
        <lido:term>printmaker</lido:term>
        
       </lido:roleActor>
      
      
      <lido:attributionQualifierActor>Print made by</lido:attributionQualifierActor>
      </lido:actorInRole>
     </lido:eventActor>
                     
     
       
       
            
        
        
     
          <lido:culture>
     
      <lido:conceptID lido:source="AAT" lido:type="local">300111159</lido:conceptID>
      <lido:term>British</lido:term>
                    
     </lido:culture>
      
     
   
     
                    <lido:eventDate>
                        <lido:displayDate>1887</lido:displayDate>
                        <lido:date>
                            <lido:earliestDate>1887</lido:earliestDate>
                            <lido:latestDate>1887</lido:latestDate>
                        </lido:date>
                    </lido:eventDate>
                    
                    <lido:periodName>
      <lido:conceptID lido:type="local" lido:source="YCBA">24</lido:conceptID>
                        <lido:term>19th century</lido:term>
 
                    </lido:periodName>
     
           
      
     
     
     <lido:eventPlace lido:type="Place of Activity"> 
      <lido:displayPlace>Russia</lido:displayPlace>
       <lido:place>
       <lido:namePlaceSet> 
         <lido:appellationValue>Russia</lido:appellationValue>
       </lido:namePlaceSet>
       
       <lido:gml> 
                               <gml:Point> 
                                    <gml:coordinates>60.0000, 47.0000</gml:coordinates>
 
                                </gml:Point>
 
                            </lido:gml>
 
       <lido:placeClassification>
                                <lido:conceptID lido:source="TGN" lido:type="Place of Activity">7</lido:conceptID>
                            </lido:placeClassification>
       
       </lido:place>
      </lido:eventPlace>
      
      
     
     <lido:eventPlace lido:type="Place of Visit/Tour"> 
      <lido:displayPlace>Rhine</lido:displayPlace>
       <lido:place>
       <lido:namePlaceSet> 
         <lido:appellationValue>Rhine</lido:appellationValue>
       </lido:namePlaceSet>
       
       <lido:gml> 
                               <gml:Point> 
                                    <gml:coordinates>51.8330, 6.0000</gml:coordinates>
 
                                </gml:Point>
 
                            </lido:gml>
 
       <lido:placeClassification>
                                <lido:conceptID lido:source="TGN" lido:type="Place of Visit/Tour">7</lido:conceptID>
                            </lido:placeClassification>
       
       </lido:place>
      </lido:eventPlace>
      
      
     
     <lido:eventPlace lido:type="Death place"> 
      <lido:displayPlace>London</lido:displayPlace>
       <lido:place>
       <lido:namePlaceSet> 
         <lido:appellationValue>London</lido:appellationValue>
       </lido:namePlaceSet>
       
       <lido:gml> 
                               <gml:Point> 
                                    <gml:coordinates>51.5000, -0.1660</gml:coordinates>
 
                                </gml:Point>
 
                            </lido:gml>
 
       <lido:placeClassification>
                                <lido:conceptID lido:source="TGN" lido:type="Death place">7</lido:conceptID>
                            </lido:placeClassification>
       
       </lido:place>
      </lido:eventPlace>
      
      
     
     <lido:eventPlace lido:type="Place of Activity"> 
      <lido:displayPlace>Venice</lido:displayPlace>
       <lido:place>
       <lido:namePlaceSet> 
         <lido:appellationValue>Venice</lido:appellationValue>
       </lido:namePlaceSet>
       
       <lido:gml> 
                               <gml:Point> 
                                    <gml:coordinates>45.4330, 12.3330</gml:coordinates>
 
                                </gml:Point>
 
                            </lido:gml>
 
       <lido:placeClassification>
                                <lido:conceptID lido:source="TGN" lido:type="Place of Activity">7</lido:conceptID>
                            </lido:placeClassification>
       
       </lido:place>
      </lido:eventPlace>
      
      
     
     <lido:eventPlace lido:type="Place of Activity"> 
      <lido:displayPlace>Paris</lido:displayPlace>
       <lido:place>
       <lido:namePlaceSet> 
         <lido:appellationValue>Paris</lido:appellationValue>
       </lido:namePlaceSet>
       
       <lido:gml> 
                               <gml:Point> 
                                    <gml:coordinates>48.8660, 2.3330</gml:coordinates>
 
                                </gml:Point>
 
                            </lido:gml>
 
       <lido:placeClassification>
                                <lido:conceptID lido:source="TGN" lido:type="Place of Activity">7</lido:conceptID>
                            </lido:placeClassification>
       
       </lido:place>
      </lido:eventPlace>
      
      
     
     <lido:eventPlace lido:type="Place of Activity"> 
      <lido:displayPlace>France</lido:displayPlace>
       <lido:place>
       <lido:namePlaceSet> 
         <lido:appellationValue>France</lido:appellationValue>
       </lido:namePlaceSet>
       
       <lido:gml> 
                               <gml:Point> 
                                    <gml:coordinates>46.0000, 2.0000</gml:coordinates>
 
                                </gml:Point>
 
                            </lido:gml>
 
       <lido:placeClassification>
                                <lido:conceptID lido:source="TGN" lido:type="Place of Activity">1</lido:conceptID>
                            </lido:placeClassification>
       
       </lido:place>
      </lido:eventPlace>
      
      
     
     <lido:eventPlace lido:type="Place of Activity"> 
      <lido:displayPlace>United States</lido:displayPlace>
       <lido:place>
       <lido:namePlaceSet> 
         <lido:appellationValue>United States</lido:appellationValue>
       </lido:namePlaceSet>
       
       <lido:gml> 
                               <gml:Point> 
                                    <gml:coordinates>38.0000, -98.0000</gml:coordinates>
 
                                </gml:Point>
 
                            </lido:gml>
 
       <lido:placeClassification>
                                <lido:conceptID lido:source="TGN" lido:type="Place of Activity">7</lido:conceptID>
                            </lido:placeClassification>
       
       </lido:place>
      </lido:eventPlace>
      
      
     
     <lido:eventPlace lido:type="Birth place"> 
      <lido:displayPlace>Lowell</lido:displayPlace>
       <lido:place>
       <lido:namePlaceSet> 
         <lido:appellationValue>Lowell</lido:appellationValue>
       </lido:namePlaceSet>
       
       <lido:gml> 
                               <gml:Point> 
                                    <gml:coordinates>42.6330, -71.3160</gml:coordinates>
 
                                </gml:Point>
 
                            </lido:gml>
 
       <lido:placeClassification>
                                <lido:conceptID lido:source="TGN" lido:type="Birth place">7</lido:conceptID>
                            </lido:placeClassification>
       
       </lido:place>
      </lido:eventPlace>
      
        
      
      
                      
                    <lido:eventMaterialsTech>
                        <lido:displayMaterialsTech>Etching on medium, slightly textured, cream antique laid paper</lido:displayMaterialsTech>
      
     <lido:materialsTech>
       
      
                            <lido:termMaterialsTech>
                                <lido:conceptID lido:type="technique" lido:source="AAT">53241</lido:conceptID>
                                <lido:term>etching (printing process)</lido:term>
                            </lido:termMaterialsTech>
 
      
       
      
                            <lido:termMaterialsTech>
                                <lido:conceptID lido:type="support" lido:source="AAT">14184</lido:conceptID>
                                <lido:term>laid paper</lido:term>
                            </lido:termMaterialsTech>
 
      
       
      </lido:materialsTech>
                    </lido:eventMaterialsTech>
     
    </lido:event>
            </lido:eventSet>
   
   
   
   
            
                  
                
                   
     
                       
                    
               
           
   
   
   
  
   
<lido:eventSet> 
<lido:displayEvent>Whistler " The Naval Review "</lido:displayEvent>
   
    <lido:event>
        <lido:eventID lido:type="local">230</lido:eventID>
 
        <lido:eventType>
            <lido:conceptID lido:type="local">300054766</lido:conceptID>
            <lido:term>exhibition</lido:term>
        </lido:eventType>
        <lido:eventName>
            <lido:appellationValue>Whistler " The Naval Review "</lido:appellationValue>
   <lido:sourceAppellation>Yale Center for British Art</lido:sourceAppellation>
        </lido:eventName>
    
        
  
   
            <lido:eventActor>
                <lido:displayActorInRole>Yale Center for British Art </lido:displayActorInRole>
    <lido:actorInRole>
                    <lido:actor lido:type="">
                        <lido:actorID lido:source="TMS" lido:type="local">1281</lido:actorID>
                           
      
                        <lido:nameActorSet>
                            <lido:appellationValue lido:pref="alternate">YCBA</lido:appellationValue>
                                <lido:sourceAppellation/>
                        </lido:nameActorSet>
      
                           
      
                        <lido:nameActorSet>
                            <lido:appellationValue lido:pref="alternate">BAC</lido:appellationValue>
                                <lido:sourceAppellation/>
                        </lido:nameActorSet>
      
                           
      
                        <lido:nameActorSet>
                            <lido:appellationValue lido:pref="preferred">Yale Center for British Art</lido:appellationValue>
                                <lido:sourceAppellation/>
                        </lido:nameActorSet>
      
                           
      
                        <lido:nameActorSet>
                            <lido:appellationValue lido:pref="alternate">British Art Center</lido:appellationValue>
                                <lido:sourceAppellation/>
                        </lido:nameActorSet>
      
                          
                        
                        <lido:vitalDatesActor>
                            <lido:earliestDate lido:type="estimatedDate">1977</lido:earliestDate>
                            <lido:latestDate lido:type="estimatedDate">9999</lido:latestDate>
                        </lido:vitalDatesActor>
                        
                    </lido:actor>
         
      
      <lido:roleActor>
       <lido:conceptID lido:label="exhibition related constituent role" lido:source="AAT" lido:type="local">300025633</lido:conceptID>
       <lido:term>Curator</lido:term>
      </lido:roleActor>
      
            
                    </lido:actorInRole>
            </lido:eventActor>
            
   
            <lido:eventDate> 
                <lido:displayDate>2005-05-19 - 2005-08-15</lido:displayDate>
                <lido:date>
                    <lido:earliestDate>2005-05-19</lido:earliestDate>
                    <lido:latestDate>2005-08-15</lido:latestDate>
                </lido:date>
            </lido:eventDate>
 
            
            <lido:eventPlace>
                <lido:displayPlace>Yale Center for British Art</lido:displayPlace>
                <lido:place lido:geographicalEntity="geographic location">
                <lido:placeID lido:source="TGN" lido:type="Geo Location"></lido:placeID>
                    <lido:namePlaceSet>
                        <lido:appellationValue lido:label="Site">Yale Center for British Art</lido:appellationValue>
                    </lido:namePlaceSet>
                   
                    
                    
                    
                     
                   </lido:place>
            </lido:eventPlace>
  
  
 </lido:event>
</lido:eventSet>
   
   
    
                            <lido:eventSet>
       
                                <lido:event>
                                    <lido:eventID lido:type="TMS">54603</lido:eventID>
 
                                    <lido:eventType>
                                        <lido:conceptID lido:source="AAT" lido:type="local">300157782</lido:conceptID>
                                        <lido:term>acquisition</lido:term>
   
                                    </lido:eventType>
                                    <lido:eventActor>
                                        <lido:displayActorInRole>Yale Center for British Art</lido:displayActorInRole>
                                        <lido:actorInRole>
                                            <lido:actor lido:type="institution">
                                                <lido:actorID lido:source="AAT" lido:type="local">1281</lido:actorID>
                                                
           <lido:nameActorSet>
           
            
                                                  <lido:appellationValue lido:pref="alternate">YCBA</lido:appellationValue>
        
            
                                                  <lido:appellationValue lido:pref="alternate">BAC</lido:appellationValue>
        
            
                                                  <lido:appellationValue lido:pref="preferred">Yale Center for British Art</lido:appellationValue>
        
            
                                                  <lido:appellationValue lido:pref="alternate">British Art Center</lido:appellationValue>
        
            
            
           </lido:nameActorSet>
          <lido:nationalityActor/>
                                                <lido:vitalDatesActor>
                                                    <lido:earliestDate lido:label="estimatedDate" lido:type="">1977</lido:earliestDate>
                                                    <lido:latestDate lido:label="estimatedDate" lido:type="">9999</lido:latestDate>
                                                </lido:vitalDatesActor>
                                                <lido:genderActor/>
                                            </lido:actor>
                                            <lido:roleActor>
                                                <lido:conceptID lido:source="AAT" lido:type="local" lido:label="Acquisition related role">300203630</lido:conceptID>
                                                <lido:term>Owner</lido:term>
                                            </lido:roleActor>
                                            <lido:attributionQualifierActor/>
                                        </lido:actorInRole>
                                    </lido:eventActor>
                                    <lido:culture/>
                                    <lido:eventDate>
                                        <lido:displayDate>2002-04-16</lido:displayDate>
                                        <lido:date>
                                            <lido:earliestDate>2002-04-16</lido:earliestDate>
                                            <lido:latestDate>2002-04-16</lido:latestDate>
                                        </lido:date>
                                    </lido:eventDate>
 
                                    <lido:periodName/>
                                   <lido:eventPlace/>
                                    <lido:eventMethod>
                                        <lido:conceptID lido:type="local" lido:source="AAT">300138913</lido:conceptID>
                                        <lido:term>gift</lido:term>
                                    </lido:eventMethod>
                                </lido:event>
       
                            </lido:eventSet>
      
            
   
   
    
   
   </lido:eventWrap>
   
  
        <lido:objectRelationWrap>
  
  
  
            <lido:subjectWrap>
   <lido:subjectSet> 
   <lido:subject lido:type="description">                 
       
         
     <lido:subjectConcept>
      <lido:conceptID lido:source="AAT" lido:type="subjectConcept">8694</lido:conceptID>
      <lido:term>sea</lido:term>
     </lido:subjectConcept>
 
        
       
         
     <lido:subjectConcept>
      <lido:conceptID lido:source="AAT" lido:type="subjectConcept">209935</lido:conceptID>
      <lido:term>trousers</lido:term>
     </lido:subjectConcept>
 
        
       
         
     <lido:subjectConcept>
      <lido:conceptID lido:source="AAT" lido:type="subjectConcept">136375</lido:conceptID>
      <lido:term>seamen</lido:term>
     </lido:subjectConcept>
 
        
       
         
     <lido:subjectConcept>
      <lido:conceptID lido:source="AAT" lido:type="subjectConcept">25928</lido:conceptID>
      <lido:term>men</lido:term>
     </lido:subjectConcept>
 
        
       
         
     <lido:subjectConcept>
      <lido:conceptID lido:source="AAT" lido:type="subjectConcept">239494</lido:conceptID>
      <lido:term>sailing</lido:term>
     </lido:subjectConcept>
 
        
       
         
     <lido:subjectConcept>
      <lido:conceptID lido:source="AAT" lido:type="subjectConcept">225927</lido:conceptID>
      <lido:term>jackets</lido:term>
     </lido:subjectConcept>
 
        
       
         
     <lido:subjectConcept>
      <lido:conceptID lido:source="AAT" lido:type="subjectConcept">14248</lido:conceptID>
      <lido:term>ropes</lido:term>
     </lido:subjectConcept>
 
        
       
         
     <lido:subjectConcept>
      <lido:conceptID lido:source="AAT" lido:type="subjectConcept">2018</lido:conceptID>
      <lido:term>railing</lido:term>
     </lido:subjectConcept>
 
        
       
         
     <lido:subjectConcept>
      <lido:conceptID lido:source="AAT" lido:type="subjectConcept">55395</lido:conceptID>
      <lido:term>wind</lido:term>
     </lido:subjectConcept>
 
        
       
         
     <lido:subjectConcept>
      <lido:conceptID lido:source="local" lido:type="subjectConcept">-1</lido:conceptID>
      <lido:term>flotilla</lido:term>
     </lido:subjectConcept>
 
        
       
         
     <lido:subjectConcept>
      <lido:conceptID lido:source="local" lido:type="subjectConcept">-1</lido:conceptID>
      <lido:term>navy</lido:term>
     </lido:subjectConcept>
 
        
       
         
     <lido:subjectConcept>
      <lido:conceptID lido:source="local" lido:type="subjectConcept">-1</lido:conceptID>
      <lido:term>bunting</lido:term>
     </lido:subjectConcept>
 
        
       
         
     <lido:subjectConcept>
      <lido:conceptID lido:source="AAT" lido:type="subjectConcept">46094</lido:conceptID>
      <lido:term>caps</lido:term>
     </lido:subjectConcept>
 
        
       
         
     <lido:subjectConcept>
      <lido:conceptID lido:source="local" lido:type="subjectConcept">-1</lido:conceptID>
      <lido:term>genre subject</lido:term>
     </lido:subjectConcept>
 
        
       
         
     <lido:subjectConcept>
      <lido:conceptID lido:source="AAT" lido:type="subjectConcept">82981</lido:conceptID>
      <lido:term>ships</lido:term>
     </lido:subjectConcept>
 
        
       
         
     <lido:subjectConcept>
      <lido:conceptID lido:source="AAT" lido:type="subjectConcept">178749</lido:conceptID>
      <lido:term>boats</lido:term>
     </lido:subjectConcept>
 
        
       
         
     <lido:subjectConcept>
      <lido:conceptID lido:source="local" lido:type="subjectConcept">-1</lido:conceptID>
      <lido:term>marine art</lido:term>
     </lido:subjectConcept>
 
        
       
         
     <lido:subjectConcept>
      <lido:conceptID lido:source="AAT" lido:type="subjectConcept">951</lido:conceptID>
      <lido:term>masts</lido:term>
     </lido:subjectConcept>
 
        
       
         
     <lido:subjectConcept>
      <lido:conceptID lido:source="AAT" lido:type="subjectConcept">195678</lido:conceptID>
      <lido:term>flags</lido:term>
     </lido:subjectConcept>
 
        
       
         
     <lido:subjectConcept>
      <lido:conceptID lido:source="AAT" lido:type="subjectConcept">24574</lido:conceptID>
      <lido:term>pulleys</lido:term>
     </lido:subjectConcept>
 
        
       
          
     <lido:subjectEvent>
      <lido:event>
      <lido:eventID lido:source="local" lido:type="subjectEvent">-1</lido:eventID>
 
      <lido:eventType>
      <lido:conceptID lido:source="local" lido:type="subjectEvent">-1</lido:conceptID>
 
      <lido:term>fleet review</lido:term>
 
      </lido:eventType>
      </lido:event>
     </lido:subjectEvent>
        
       
          
     <lido:subjectEvent>
      <lido:event>
      <lido:eventID lido:source="local" lido:type="subjectEvent">-1</lido:eventID>
 
      <lido:eventType>
      <lido:conceptID lido:source="local" lido:type="subjectEvent">-1</lido:conceptID>
 
      <lido:term>jubilee</lido:term>
 
      </lido:eventType>
      </lido:event>
     </lido:subjectEvent>
        
       
           
     
     <lido:subjectPlace>
      <lido:displayPlace>Hampshire</lido:displayPlace>
      <lido:place lido:geographicalEntity="geographic location">
      <lido:placeID lido:source="TGN" lido:type="subjectPlace">7008139</lido:placeID>
      <lido:namePlaceSet>
      <lido:appellationValue>Hampshire</lido:appellationValue>
      </lido:namePlaceSet>
 
      <lido:gml>
      <gml:Point>
       <gml:coordinates>51.6600, -1.2500</gml:coordinates>
      </gml:Point>
      </lido:gml>
      </lido:place>
     </lido:subjectPlace>
        
       
           
     
     <lido:subjectPlace>
      <lido:displayPlace>Spithead</lido:displayPlace>
      <lido:place lido:geographicalEntity="geographic location">
      <lido:placeID lido:source="TGN" lido:type="subjectPlace">1011515</lido:placeID>
      <lido:namePlaceSet>
      <lido:appellationValue>Spithead</lido:appellationValue>
      </lido:namePlaceSet>
 
      <lido:gml>
      <gml:Point>
       <gml:coordinates>50.7500, -1.1330</gml:coordinates>
      </gml:Point>
      </lido:gml>
      </lido:place>
     </lido:subjectPlace>
        
       
           
     
     <lido:subjectPlace>
      <lido:displayPlace>England</lido:displayPlace>
      <lido:place lido:geographicalEntity="geographic location">
      <lido:placeID lido:source="TGN" lido:type="subjectPlace">7002445</lido:placeID>
      <lido:namePlaceSet>
      <lido:appellationValue>England</lido:appellationValue>
      </lido:namePlaceSet>
 
      <lido:gml>
      <gml:Point>
       <gml:coordinates>53.0000, -2.0000</gml:coordinates>
      </gml:Point>
      </lido:gml>
      </lido:place>
     </lido:subjectPlace>
        
       
           
     
     <lido:subjectPlace>
      <lido:displayPlace>Europe</lido:displayPlace>
      <lido:place lido:geographicalEntity="geographic location">
      <lido:placeID lido:source="TGN" lido:type="subjectPlace">1000003</lido:placeID>
      <lido:namePlaceSet>
      <lido:appellationValue>Europe</lido:appellationValue>
      </lido:namePlaceSet>
 
      <lido:gml>
      <gml:Point>
       <gml:coordinates>0.0000, 0.0000</gml:coordinates>
      </gml:Point>
      </lido:gml>
      </lido:place>
     </lido:subjectPlace>
        
       
           
     
     <lido:subjectPlace>
      <lido:displayPlace>United Kingdom</lido:displayPlace>
      <lido:place lido:geographicalEntity="geographic location">
      <lido:placeID lido:source="TGN" lido:type="subjectPlace">7008591</lido:placeID>
      <lido:namePlaceSet>
      <lido:appellationValue>United Kingdom</lido:appellationValue>
      </lido:namePlaceSet>
 
      <lido:gml>
      <gml:Point>
       <gml:coordinates>54.0000, -4.5000</gml:coordinates>
      </gml:Point>
      </lido:gml>
      </lido:place>
     </lido:subjectPlace>
        
       
           
     
     <lido:subjectPlace>
      <lido:displayPlace>The Solent</lido:displayPlace>
      <lido:place lido:geographicalEntity="geographic location">
      <lido:placeID lido:source="TGN" lido:type="subjectPlace">1114285</lido:placeID>
      <lido:namePlaceSet>
      <lido:appellationValue>The Solent</lido:appellationValue>
      </lido:namePlaceSet>
 
      <lido:gml>
      <gml:Point>
       <gml:coordinates>0.0000, 0.0000</gml:coordinates>
      </gml:Point>
      </lido:gml>
      </lido:place>
     </lido:subjectPlace>
        
         
   </lido:subject>
   </lido:subjectSet>
   </lido:subjectWrap>
     
 
    
            <lido:relatedWorksWrap>
       
    
   </lido:relatedWorksWrap>
  </lido:objectRelationWrap>
  
 </lido:descriptiveMetadata>
 
 
 
<lido:administrativeMetadata xml:lang="eng">
    
    <lido:rightsWorkWrap>
        <lido:rightsWorkSet>
            <lido:rightsType>
                <lido:conceptID lido:source="YCBA" lido:type="local" lido:label="object ownership">500303557</lido:conceptID>
                
            </lido:rightsType>
            
            <lido:rightsHolder>   
              
    <lido:legalBodyID lido:type="">500303557</lido:legalBodyID>
   
   
                <lido:legalBodyName>
                    <lido:appellationValue>Yale Center for British Art</lido:appellationValue>
  
                </lido:legalBodyName>
                <lido:legalBodyWeblink>http://collection.britishart.yale.edu/id/page/thesauri/ULAN/500303557</lido:legalBodyWeblink>
 
            </lido:rightsHolder>
            
            <lido:creditLine>Yale Center for British Art, Gift of Robert N. Whittemore, Yale BS 1943</lido:creditLine>
        </lido:rightsWorkSet>
        
        
        <lido:rightsWorkSet>
            <lido:rightsType>
                <lido:conceptID lido:source="YCBA" lido:type="local" lido:label="object copyright">300055611</lido:conceptID>
                <lido:term>public domain</lido:term>
   
    <lido:term lido:label="url">http://hdl.handle.net/10079/w6m90dq</lido:term>
            </lido:rightsType>
            
            <lido:rightsHolder>
                <lido:legalBodyID lido:type="local" lido:label="Rights Administrator"></lido:legalBodyID>
  
                
                <lido:legalBodyName>
                    <lido:appellationValue></lido:appellationValue>
         
                </lido:legalBodyName>
                
                <lido:legalBodyWeblink></lido:legalBodyWeblink>
  
            </lido:rightsHolder>
            
            <lido:rightsHolder>
                <lido:legalBodyID lido:type="local" lido:label="Rights Holder"></lido:legalBodyID>
  
    
                <lido:legalBodyName>
                    <lido:appellationValue></lido:appellationValue>
     
                </lido:legalBodyName>
                
                <lido:legalBodyWeblink></lido:legalBodyWeblink>
   
            </lido:rightsHolder>
            
            <lido:creditLine>Public Domain</lido:creditLine>
                
           </lido:rightsWorkSet>
             
                
    </lido:rightsWorkWrap>
    
    <lido:recordWrap>
        
        <lido:recordID lido:type="local">54603</lido:recordID>
        
        <lido:recordType>
            <lido:conceptID lido:source="AAT" lido:type="local">300133025</lido:conceptID>
            <lido:term>Item</lido:term>
       
        </lido:recordType>
 
        
        <lido:recordSource>
            <lido:legalBodyID lido:type="local">Yale Center for British Art</lido:legalBodyID>
            <lido:legalBodyName>
                <lido:appellationValue>Yale Center for British Art</lido:appellationValue>
            </lido:legalBodyName>
            <lido:legalBodyWeblink>http://britishart.yale.edu</lido:legalBodyWeblink>
        </lido:recordSource>
        
        
        <lido:recordInfoSet>
            <lido:recordInfoLink lido:formatResource="html">http://collections.britishart.yale.edu/vufind/Record/3488262</lido:recordInfoLink>
        </lido:recordInfoSet>
        
        <lido:recordInfoSet>
            <lido:recordInfoID lido:type="url" lido:source="YCBA">oai:tms.ycba.yale.edu:54603</lido:recordInfoID>
        </lido:recordInfoSet>
        
    </lido:recordWrap>
    
    <lido:resourceWrap>
        <lido:resourceSet>
            
            <lido:resourceRepresentation lido:type="thumb">
                <lido:linkResource lido:formatResource="jpg">
                    
                    http://deliver.odai.yale.edu/content/repository/YCBA/object/54603/type/2/format/1
                    
                    
                    
                    
                </lido:linkResource>
            </lido:resourceRepresentation>
            <lido:resourceRepresentation lido:type="large">
                <lido:linkResource lido:formatResource="jpg">
                    http://deliver.odai.yale.edu/content/repository/YCBA/object/54603/type/2/format/3
                </lido:linkResource>
            </lido:resourceRepresentation>
            <lido:resourceRepresentation lido:type="list">
                <lido:linkResource lido:formatResource="json">
                    http://deliver.odai.yale.edu/info/repository/YCBA/object/54603/type/2?output=jsonp&amp;callback=?
                </lido:linkResource>
            </lido:resourceRepresentation>
            <lido:resourceRepresentation lido:type="original">
                <lido:linkResource lido:formatResource="tif">
                    http://deliver.odai.yale.edu/content/repository/YCBA/object/54603/type/2/format/6
                </lido:linkResource>
            </lido:resourceRepresentation>
            
            <lido:resourceType>
                <lido:term>digital image</lido:term>
            </lido:resourceType>
            
            <lido:resourceSource lido:type="image source">
                <lido:legalBodyName>
                    <lido:appellationValue>Yale Center for British Art</lido:appellationValue>
                </lido:legalBodyName>
                <lido:legalBodyWeblink>http://collection.britishart.yale.edu/id/page/thesauri/ULAN/500303557</lido:legalBodyWeblink>
  
            </lido:resourceSource>
            
            <lido:rightsResource>
                <lido:rightsType>
                    <lido:conceptID lido:source="" lido:type="url">http://hdl.handle.net/10079/gb5mkww</lido:conceptID>
                  
                    <lido:term>image use terms</lido:term>
                </lido:rightsType>
                
                
                
                <lido:rightsHolder>
                   
                    <lido:legalBodyName>
                        <lido:appellationValue></lido:appellationValue>
                    </lido:legalBodyName>
                </lido:rightsHolder>
    <lido:creditLine lido:label="image restrictions"></lido:creditLine>
            </lido:rightsResource>
        </lido:resourceSet>
    </lido:resourceWrap>
</lido:administrativeMetadata>
  
</lido:lido>
</metadata>
</record>
