<record><header><identifier>oai:tms.ycba.yale.edu:61431</identifier>
<datestamp>2016-03-17</datestamp>
<setSpec>ycba:ps</setSpec>
</header>
<metadata>
    <lido:lido 
 xmlns:lido="http://www.lido-schema.org" 
 xmlns:xsi="http://www.w3.org/2001/XMLSchema-instance" 
 xmlns:gml="http://www.opengis.net/gml"
 xsi:schemaLocation="http://www.lido-schema.org http://www.lido-schema.org/schema/v1.0/lido-v1.0.xsd">
    <lido:lidoRecID lido:source="Yale Center for British Art" lido:type="local">YCBA/lido-TMS-61431</lido:lidoRecID>
 <lido:category> 
  <lido:conceptID lido:type="URI">http://www.cidoc-crm.org/crm-concepts/#E22</lido:conceptID>
        <lido:term xml:lang="eng">Man-Made Object</lido:term>
    </lido:category>
 
 <lido:descriptiveMetadata xml:lang="eng">
 
 
  <lido:objectClassificationWrap>
   
   <lido:objectWorkTypeWrap> 
    
    <lido:objectWorkType>
     <lido:conceptID lido:source="AAT" lido:type="Object name">300033618</lido:conceptID>
     <lido:term>painting</lido:term>
 
    </lido:objectWorkType>
    
    <lido:objectWorkType>
     <lido:conceptID lido:source="YCBA" lido:type="Genre">32</lido:conceptID>
     <lido:term>military art</lido:term>
 
    </lido:objectWorkType>
    
    <lido:objectWorkType>
     <lido:conceptID lido:source="YCBA" lido:type="Genre">11</lido:conceptID>
     <lido:term>marine art</lido:term>
 
    </lido:objectWorkType>
    
   </lido:objectWorkTypeWrap>
 
   
   <lido:classificationWrap>
   
    <lido:classification>
     <lido:conceptID lido:source="AAT" lido:type="Classification">300033618</lido:conceptID>
     <lido:term>Painting</lido:term>
    </lido:classification>
   
   </lido:classificationWrap>
 
  </lido:objectClassificationWrap>
  
  
  
  <lido:objectIdentificationWrap>
   
   
   <lido:titleWrap>
   
    <lido:titleSet lido:type="Repository title"> 
     <lido:appellationValue lido:pref="preferred" xml:lang="eng">The Battle of La Hogue</lido:appellationValue>
 
    </lido:titleSet>
    
   </lido:titleWrap>
   
  
   
   <lido:inscriptionsWrap> 
                <lido:inscriptions lido:type="Inscription">
                    <lido:inscriptionTranscription></lido:inscriptionTranscription>
                </lido:inscriptions>
                
    
                <lido:inscriptions lido:type="Signature">
                    <lido:inscriptionTranscription>Signed and dated in black paint, lower left:  "B. West. 1778, retouched 1806."</lido:inscriptionTranscription>
                </lido:inscriptions>
            </lido:inscriptionsWrap>
   
            
            <lido:repositoryWrap>
                <lido:repositorySet lido:type="current">
                    
                    <lido:repositoryName>
        <lido:legalBodyID lido:source="ULAN" lido:type="local">500303557</lido:legalBodyID>
 
                        <lido:legalBodyName>
                            <lido:appellationValue>Yale Center for British Art</lido:appellationValue>
                        </lido:legalBodyName>
       <lido:legalBodyWeblink>http://britishart.yale.edu</lido:legalBodyWeblink>
 
                    </lido:repositoryName>
                    <lido:workID lido:type="inventory number">B2009.2</lido:workID>
     
                    
                 <lido:repositoryLocation>
     <lido:partOfPlace>
                        <lido:namePlaceSet>
                            <lido:appellationValue lido:label="On view or not">On view</lido:appellationValue>
                        </lido:namePlaceSet>
      <lido:gml>
                        <gml:Point>
                            <gml:coordinates/>
                        </gml:Point>
                        </lido:gml>
                    </lido:partOfPlace>
     
     <lido:partOfPlace>
      <lido:namePlaceSet>
       <lido:appellationValue lido:label="UnitPosition"></lido:appellationValue>
           
      </lido:namePlaceSet>
       <lido:gml>            
       <gml:Point>
        <gml:coordinates></gml:coordinates>
       </gml:Point>
       </lido:gml>
      </lido:partOfPlace>
       
     
        
      <lido:partOfPlace>
       <lido:namePlaceSet>
        <lido:appellationValue lido:label="UnitNumber"></lido:appellationValue>
  
       </lido:namePlaceSet>
       <lido:gml>            
        <gml:Point>
         <gml:coordinates></gml:coordinates>
        </gml:Point>
       </lido:gml>
      </lido:partOfPlace>
     
     
      <lido:partOfPlace>
       <lido:namePlaceSet>
        <lido:appellationValue lido:label="UnitType"></lido:appellationValue>
  
       </lido:namePlaceSet>
       <lido:gml>            
        <gml:Point>
         <gml:coordinates></gml:coordinates>
        </gml:Point>
       </lido:gml>
      </lido:partOfPlace>
     
     
      <lido:partOfPlace>
       <lido:namePlaceSet>
        <lido:appellationValue lido:label="SubSite">209</lido:appellationValue>
  
       </lido:namePlaceSet>
       <lido:gml>            
        <gml:Point>
        <gml:coordinates></gml:coordinates>
        </gml:Point>
       </lido:gml>
      </lido:partOfPlace>
      
     
     
      <lido:partOfPlace>
       <lido:namePlaceSet>
        <lido:appellationValue lido:label="Site">Yale Center for British Art</lido:appellationValue>
  
       </lido:namePlaceSet>
       <lido:gml>            
        <gml:Point>
         <gml:coordinates>41.3080060, -72.9306282</gml:coordinates>
 
        </gml:Point>
       </lido:gml>
      </lido:partOfPlace>
       
      <lido:partOfPlace> 
       <lido:placeID lido:source="TGN" lido:type="Geo location">7</lido:placeID>
       <lido:namePlaceSet>
        <lido:appellationValue>New Haven</lido:appellationValue>
           
       </lido:namePlaceSet>
       <lido:gml>            
        <gml:Point>
         <gml:coordinates>41.3000, -72.9160</gml:coordinates>
        </gml:Point>
       </lido:gml>
      </lido:partOfPlace>
   
                    </lido:repositoryLocation>
    
                </lido:repositorySet>
       </lido:repositoryWrap>
   
            <lido:displayStateEditionWrap>
    
    
    
            </lido:displayStateEditionWrap>
   
            <lido:objectMeasurementsWrap>
    
                
     
     
     <lido:objectMeasurementsSet>
      <lido:displayObjectMeasurements>Support (PTG): 64 3/4 x 96 1/4 inches (164.5 x 244.5 cm)</lido:displayObjectMeasurements>
     <lido:objectMeasurements>  
     
     
     <lido:measurementsSet>       
       <lido:measurementType>height</lido:measurementType>
       <lido:measurementUnit>cm</lido:measurementUnit>
  
       <lido:measurementValue>164.5</lido:measurementValue>
      </lido:measurementsSet>
         
      
     
     
     <lido:measurementsSet>       
       <lido:measurementType>width</lido:measurementType>
       <lido:measurementUnit>cm</lido:measurementUnit>
  
       <lido:measurementValue>244.5</lido:measurementValue>
      </lido:measurementsSet>
         
      
      
      <lido:extentMeasurements>Support (PTG)</lido:extentMeasurements>
  
      <lido:qualifierMeasurements></lido:qualifierMeasurements>
    
     </lido:objectMeasurements>
     </lido:objectMeasurementsSet>
     
       
     
       
            </lido:objectMeasurementsWrap>
   
  </lido:objectIdentificationWrap>
  
  
  <lido:eventWrap>
   <lido:eventSet>
    <lido:event>
    <lido:eventID lido:type="TMS">61431</lido:eventID>
     <lido:eventType>
     <lido:conceptID lido:source="AAT" lido:type="local">300054713</lido:conceptID>
      <lido:term>production</lido:term>
                    </lido:eventType>
    
     
            
     <lido:eventActor>
     
      
       <lido:displayActorInRole>Benjamin West, 1738–1820, American, active in Britain (from 1763)</lido:displayActorInRole>
      
             
     
      <lido:actorInRole>   
                            <lido:actor lido:type="person"> 
                   <lido:actorID lido:source="YCBA" lido:type="local">39</lido:actorID>
 
        
           
                        
       <lido:nameActorSet>
          
                    
                                    <lido:appellationValue lido:pref="alternate">Benjamin West R. A.</lido:appellationValue>
         
          
                    
                                    <lido:appellationValue lido:pref="alternate">Benjamin West P. R. A.</lido:appellationValue>
         
          
                    
                                    <lido:appellationValue lido:pref="preferred">Benjamin West</lido:appellationValue>
         
          
         
        
       </lido:nameActorSet>
        
        
        
                                <lido:nationalityActor>
                                    <lido:term>American, active in Britain (from 1763)</lido:term>
                                </lido:nationalityActor>
        
        
                                <lido:vitalDatesActor>
         
                                    <lido:earliestDate lido:type="estimatedDate">1738</lido:earliestDate>
                                    
         
         <lido:latestDate lido:type="estimatedDate">1820</lido:latestDate>
         
                                </lido:vitalDatesActor>
        
           
        <lido:genderActor>male</lido:genderActor>
        
        
                            </lido:actor>
      
      
       <lido:roleActor>
        <lido:conceptID lido:source="AAT" lido:type="Object related role">300025103</lido:conceptID>
        <lido:term>Artist</lido:term>
       </lido:roleActor>
       
       
      
        
       <lido:roleActor>
               
        <lido:conceptID lido:source="AAT" lido:type="Life role">1</lido:conceptID>
        <lido:term>draftsman (artist)</lido:term>
        
       </lido:roleActor>
      
        
       <lido:roleActor>
               
        <lido:conceptID lido:source="AAT" lido:type="Life role">2</lido:conceptID>
        <lido:term>history painter</lido:term>
        
       </lido:roleActor>
      
      
      <lido:attributionQualifierActor></lido:attributionQualifierActor>
      </lido:actorInRole>
     </lido:eventActor>
                        
     <lido:eventActor>
     
      
       <lido:displayActorInRole>and John Trumbull, 1756–1843</lido:displayActorInRole>
      
             
     
      <lido:actorInRole>   
                            <lido:actor lido:type="person"> 
                   <lido:actorID lido:source="YCBA" lido:type="local">3201</lido:actorID>
 
        
           
                        
       <lido:nameActorSet>
          
         
          
         
          
         
          
                    
                                    <lido:appellationValue lido:pref="preferred">John Trumbull</lido:appellationValue>
         
        
       </lido:nameActorSet>
        
        
        
        
                                <lido:vitalDatesActor>
         
                                    <lido:earliestDate lido:type="estimatedDate">1756</lido:earliestDate>
                                    
         
         <lido:latestDate lido:type="estimatedDate">1843</lido:latestDate>
         
                                </lido:vitalDatesActor>
        
           
        <lido:genderActor>male</lido:genderActor>
        
        
                            </lido:actor>
      
      
       <lido:roleActor>
        <lido:conceptID lido:source="AAT" lido:type="Object related role">300025103</lido:conceptID>
        <lido:term>Artist</lido:term>
       </lido:roleActor>
       
       
      
        
       <lido:roleActor>
        
       </lido:roleActor>
      
        
       <lido:roleActor>
        
       </lido:roleActor>
      
      
      <lido:attributionQualifierActor>and</lido:attributionQualifierActor>
      </lido:actorInRole>
     </lido:eventActor>
                     
     
       
       
            
        
        
   
     
                    <lido:eventDate>
                        <lido:displayDate>1778, retouched 1806</lido:displayDate>
                        <lido:date>
                            <lido:earliestDate>1778</lido:earliestDate>
                            <lido:latestDate>1806</lido:latestDate>
                        </lido:date>
                    </lido:eventDate>
                    
                    <lido:periodName>
      <lido:conceptID lido:type="local" lido:source="YCBA">22</lido:conceptID>
                        <lido:term>18th century</lido:term>
 
                    </lido:periodName>
     
           
      
     
     
     <lido:eventPlace lido:type="Death place"> 
      <lido:displayPlace>London</lido:displayPlace>
       <lido:place>
       <lido:namePlaceSet> 
         <lido:appellationValue>London</lido:appellationValue>
       </lido:namePlaceSet>
       
       <lido:gml> 
                               <gml:Point> 
                                    <gml:coordinates>51.5000, -0.1660</gml:coordinates>
 
                                </gml:Point>
 
                            </lido:gml>
 
       <lido:placeClassification>
                                <lido:conceptID lido:source="TGN" lido:type="Death place">7</lido:conceptID>
                            </lido:placeClassification>
       
       </lido:place>
      </lido:eventPlace>
      
      
     
     <lido:eventPlace lido:type="Birth place"> 
      <lido:displayPlace>Swarthmore</lido:displayPlace>
       <lido:place>
       <lido:namePlaceSet> 
         <lido:appellationValue>Swarthmore</lido:appellationValue>
       </lido:namePlaceSet>
       
       <lido:gml> 
                               <gml:Point> 
                                    <gml:coordinates>39.9000, -75.3500</gml:coordinates>
 
                                </gml:Point>
 
                            </lido:gml>
 
       <lido:placeClassification>
                                <lido:conceptID lido:source="TGN" lido:type="Birth place">7</lido:conceptID>
                            </lido:placeClassification>
       
       </lido:place>
      </lido:eventPlace>
      
      
     
     <lido:eventPlace lido:type="Place of Activity"> 
      <lido:displayPlace>Italy</lido:displayPlace>
       <lido:place>
       <lido:namePlaceSet> 
         <lido:appellationValue>Italy</lido:appellationValue>
       </lido:namePlaceSet>
       
       <lido:gml> 
                               <gml:Point> 
                                    <gml:coordinates>42.8330, 12.8330</gml:coordinates>
 
                                </gml:Point>
 
                            </lido:gml>
 
       <lido:placeClassification>
                                <lido:conceptID lido:source="TGN" lido:type="Place of Activity">1</lido:conceptID>
                            </lido:placeClassification>
       
       </lido:place>
      </lido:eventPlace>
      
        
      
      
                      
                    <lido:eventMaterialsTech>
                        <lido:displayMaterialsTech>Oil on canvas</lido:displayMaterialsTech>
      
     <lido:materialsTech>
       
      
                            <lido:termMaterialsTech>
                                <lido:conceptID lido:type="medium" lido:source="AAT">15050</lido:conceptID>
                                <lido:term>oil paint</lido:term>
                            </lido:termMaterialsTech>
 
      
       
      
                            <lido:termMaterialsTech>
                                <lido:conceptID lido:type="support" lido:source="AAT">14078</lido:conceptID>
                                <lido:term>canvas</lido:term>
                            </lido:termMaterialsTech>
 
      
       
      </lido:materialsTech>
                    </lido:eventMaterialsTech>
     
    </lido:event>
            </lido:eventSet>
   
   
   
   
            
                  
                
                   
     
                       
                    
               
           
   
   
   
  
   
<lido:eventSet> 
<lido:displayEvent>The Battle of La Hogue</lido:displayEvent>
   
    <lido:event>
        <lido:eventID lido:type="local">798</lido:eventID>
 
        <lido:eventType>
            <lido:conceptID lido:type="local">300054766</lido:conceptID>
            <lido:term>exhibition</lido:term>
        </lido:eventType>
        <lido:eventName>
            <lido:appellationValue>The Battle of La Hogue</lido:appellationValue>
   <lido:sourceAppellation>Yale Center for British Art</lido:sourceAppellation>
        </lido:eventName>
    
        
  
   
            <lido:eventActor>
                <lido:displayActorInRole>Yale Center for British Art </lido:displayActorInRole>
    <lido:actorInRole>
                    <lido:actor lido:type="">
                        <lido:actorID lido:source="TMS" lido:type="local">1281</lido:actorID>
                           
      
                        <lido:nameActorSet>
                            <lido:appellationValue lido:pref="alternate">YCBA</lido:appellationValue>
                                <lido:sourceAppellation/>
                        </lido:nameActorSet>
      
                           
      
                        <lido:nameActorSet>
                            <lido:appellationValue lido:pref="alternate">BAC</lido:appellationValue>
                                <lido:sourceAppellation/>
                        </lido:nameActorSet>
      
                           
      
                        <lido:nameActorSet>
                            <lido:appellationValue lido:pref="preferred">Yale Center for British Art</lido:appellationValue>
                                <lido:sourceAppellation/>
                        </lido:nameActorSet>
      
                           
      
                        <lido:nameActorSet>
                            <lido:appellationValue lido:pref="alternate">British Art Center</lido:appellationValue>
                                <lido:sourceAppellation/>
                        </lido:nameActorSet>
      
                          
                        
                        <lido:vitalDatesActor>
                            <lido:earliestDate lido:type="estimatedDate">1977</lido:earliestDate>
                            <lido:latestDate lido:type="estimatedDate">9999</lido:latestDate>
                        </lido:vitalDatesActor>
                        
                    </lido:actor>
         
      
      <lido:roleActor>
       <lido:conceptID lido:label="exhibition related constituent role" lido:source="YCBA" lido:type="local">63</lido:conceptID>
       <lido:term>Organizer</lido:term>
      </lido:roleActor>
      
            
                    </lido:actorInRole>
            </lido:eventActor>
            
   
            <lido:eventDate> 
                <lido:displayDate>2012-07-09 - 2012-09-02</lido:displayDate>
                <lido:date>
                    <lido:earliestDate>2012-07-09</lido:earliestDate>
                    <lido:latestDate>2012-09-02</lido:latestDate>
                </lido:date>
            </lido:eventDate>
 
            
            <lido:eventPlace>
                <lido:displayPlace>Yale Center for British Art</lido:displayPlace>
                <lido:place lido:geographicalEntity="geographic location">
                <lido:placeID lido:source="TGN" lido:type="Geo Location"></lido:placeID>
                    <lido:namePlaceSet>
                        <lido:appellationValue lido:label="Site">Yale Center for British Art</lido:appellationValue>
                    </lido:namePlaceSet>
                   
                    
                    
                    
                     
                   </lido:place>
            </lido:eventPlace>
  
  
 </lido:event>
</lido:eventSet>
   
   
    
                            <lido:eventSet>
       
                                <lido:event>
                                    <lido:eventID lido:type="TMS">61431</lido:eventID>
 
                                    <lido:eventType>
                                        <lido:conceptID lido:source="AAT" lido:type="local">300157782</lido:conceptID>
                                        <lido:term>acquisition</lido:term>
   
                                    </lido:eventType>
                                    <lido:eventActor>
                                        <lido:displayActorInRole>Yale Center for British Art</lido:displayActorInRole>
                                        <lido:actorInRole>
                                            <lido:actor lido:type="institution">
                                                <lido:actorID lido:source="YCBA" lido:type="local">1281</lido:actorID>
                                                
           <lido:nameActorSet>
           
            
                                                  <lido:appellationValue lido:pref="alternate">YCBA</lido:appellationValue>
        
            
                                                  <lido:appellationValue lido:pref="alternate">BAC</lido:appellationValue>
        
            
                                                  <lido:appellationValue lido:pref="preferred">Yale Center for British Art</lido:appellationValue>
        
            
                                                  <lido:appellationValue lido:pref="alternate">British Art Center</lido:appellationValue>
        
            
            
           </lido:nameActorSet>
          <lido:nationalityActor/>
                                                <lido:vitalDatesActor>
                                                    <lido:earliestDate lido:label="estimatedDate" lido:type="">1977</lido:earliestDate>
                                                    <lido:latestDate lido:label="estimatedDate" lido:type="">9999</lido:latestDate>
                                                </lido:vitalDatesActor>
                                                <lido:genderActor/>
                                            </lido:actor>
                                            <lido:roleActor>
                                                <lido:conceptID lido:source="AAT" lido:type="local" lido:label="Acquisition related role">300203630</lido:conceptID>
                                                <lido:term>Owner</lido:term>
                                            </lido:roleActor>
                                            <lido:attributionQualifierActor/>
                                        </lido:actorInRole>
                                    </lido:eventActor>
                                    <lido:culture/>
                                    <lido:eventDate>
                                        <lido:displayDate>2009-03-13</lido:displayDate>
                                        <lido:date>
                                            <lido:earliestDate>2009-03-13</lido:earliestDate>
                                            <lido:latestDate>2009-03-13</lido:latestDate>
                                        </lido:date>
                                    </lido:eventDate>
 
                                    <lido:periodName/>
                                   <lido:eventPlace/>
                                    <lido:eventMethod>
                                        <lido:conceptID lido:type="local" lido:source="YCBA">61</lido:conceptID>
                                        <lido:term>purchase</lido:term>
                                    </lido:eventMethod>
                                </lido:event>
       
                            </lido:eventSet>
      
            
   
   
    
   
   </lido:eventWrap>
   
  
        <lido:objectRelationWrap>
  
  
  
            <lido:subjectWrap>
   <lido:subjectSet> 
   <lido:subject lido:type="description">                 
       
         
     <lido:subjectConcept>
      <lido:conceptID lido:source="local" lido:type="subjectConcept">-1</lido:conceptID>
      <lido:term>military art</lido:term>
     </lido:subjectConcept>
 
        
       
         
     <lido:subjectConcept>
      <lido:conceptID lido:source="AAT" lido:type="subjectConcept">36990</lido:conceptID>
      <lido:term>bayonets</lido:term>
     </lido:subjectConcept>
 
        
       
         
     <lido:subjectConcept>
      <lido:conceptID lido:source="AAT" lido:type="subjectConcept">37048</lido:conceptID>
      <lido:term>swords</lido:term>
     </lido:subjectConcept>
 
        
       
         
     <lido:subjectConcept>
      <lido:conceptID lido:source="AAT" lido:type="subjectConcept">73252</lido:conceptID>
      <lido:term>smoke</lido:term>
     </lido:subjectConcept>
 
        
       
         
     <lido:subjectConcept>
      <lido:conceptID lido:source="AAT" lido:type="subjectConcept">8694</lido:conceptID>
      <lido:term>sea</lido:term>
     </lido:subjectConcept>
 
        
       
         
     <lido:subjectConcept>
      <lido:conceptID lido:source="AAT" lido:type="subjectConcept">185678</lido:conceptID>
      <lido:term>soldiers</lido:term>
     </lido:subjectConcept>
 
        
       
         
     <lido:subjectConcept>
      <lido:conceptID lido:source="AAT" lido:type="subjectConcept">212606</lido:conceptID>
      <lido:term>warships</lido:term>
     </lido:subjectConcept>
 
        
       
         
     <lido:subjectConcept>
      <lido:conceptID lido:source="AAT" lido:type="subjectConcept">184745</lido:conceptID>
      <lido:term>figurehead</lido:term>
     </lido:subjectConcept>
 
        
       
         
     <lido:subjectConcept>
      <lido:conceptID lido:source="AAT" lido:type="subjectConcept">195678</lido:conceptID>
      <lido:term>flags</lido:term>
     </lido:subjectConcept>
 
        
       
         
     <lido:subjectConcept>
      <lido:conceptID lido:source="AAT" lido:type="subjectConcept">233561</lido:conceptID>
      <lido:term>ships of the line</lido:term>
     </lido:subjectConcept>
 
        
       
         
     <lido:subjectConcept>
      <lido:conceptID lido:source="AAT" lido:type="subjectConcept">232894</lido:conceptID>
      <lido:term>longboats</lido:term>
     </lido:subjectConcept>
 
        
       
         
     <lido:subjectConcept>
      <lido:conceptID lido:source="local" lido:type="subjectConcept">-1</lido:conceptID>
      <lido:term>marine art</lido:term>
     </lido:subjectConcept>
 
        
       
         
     <lido:subjectConcept>
      <lido:conceptID lido:source="AAT" lido:type="subjectConcept">178749</lido:conceptID>
      <lido:term>boats</lido:term>
     </lido:subjectConcept>
 
        
       
         
     <lido:subjectConcept>
      <lido:conceptID lido:source="AAT" lido:type="subjectConcept">82981</lido:conceptID>
      <lido:term>ships</lido:term>
     </lido:subjectConcept>
 
        
       
         
     <lido:subjectConcept>
      <lido:conceptID lido:source="AAT" lido:type="subjectConcept">178802</lido:conceptID>
      <lido:term>costume</lido:term>
     </lido:subjectConcept>
 
        
       
         
     <lido:subjectConcept>
      <lido:conceptID lido:source="AAT" lido:type="subjectConcept">219674</lido:conceptID>
      <lido:term>fleets</lido:term>
     </lido:subjectConcept>
 
        
       
         
     <lido:subjectConcept>
      <lido:conceptID lido:source="AAT" lido:type="subjectConcept">54152</lido:conceptID>
      <lido:term>drama</lido:term>
     </lido:subjectConcept>
 
        
       
         
     <lido:subjectActor>
      <lido:displayActor>Rooke, Sir George (c.1650–1709), naval officer, was born in Canterbury, Kent, the second son of Colonel Sir William Rooke (1620/21–1691) of St Lawrence House, near Canterbury</lido:displayActor>
      <lido:actor lido:type="constituent">
      <lido:actorID lido:source="local" lido:type="subjectActor">-1</lido:actorID>
      <lido:nameActorSet>
       <lido:appellationValue>Rooke, Sir George (c.1650–1709), naval officer, was born in Canterbury, Kent, the second son of Colonel Sir William Rooke (1620/21–1691) of St Lawrence House, near Canterbury</lido:appellationValue>
      </lido:nameActorSet>
 
      </lido:actor>
     </lido:subjectActor>
  
        
       
          
     <lido:subjectEvent>
      <lido:event>
      <lido:eventID lido:source="AAT" lido:type="subjectEvent">151836</lido:eventID>
 
      <lido:eventType>
      <lido:conceptID lido:source="AAT" lido:type="subjectEvent">151836</lido:conceptID>
 
      <lido:term>death</lido:term>
 
      </lido:eventType>
      </lido:event>
     </lido:subjectEvent>
        
       
          
     <lido:subjectEvent>
      <lido:event>
      <lido:eventID lido:source="AAT" lido:type="subjectEvent">55314</lido:eventID>
 
      <lido:eventType>
      <lido:conceptID lido:source="AAT" lido:type="subjectEvent">55314</lido:conceptID>
 
      <lido:term>war</lido:term>
 
      </lido:eventType>
      </lido:event>
     </lido:subjectEvent>
        
       
          
     <lido:subjectEvent>
      <lido:event>
      <lido:eventID lido:source="AAT" lido:type="subjectEvent">185692</lido:eventID>
 
      <lido:eventType>
      <lido:conceptID lido:source="AAT" lido:type="subjectEvent">185692</lido:conceptID>
 
      <lido:term>battle</lido:term>
 
      </lido:eventType>
      </lido:event>
     </lido:subjectEvent>
        
       
          
     <lido:subjectEvent>
      <lido:event>
      <lido:eventID lido:source="AAT" lido:type="subjectEvent">68986</lido:eventID>
 
      <lido:eventType>
      <lido:conceptID lido:source="AAT" lido:type="subjectEvent">68986</lido:conceptID>
 
      <lido:term>fire</lido:term>
 
      </lido:eventType>
      </lido:event>
     </lido:subjectEvent>
        
       
          
     <lido:subjectEvent>
      <lido:event>
      <lido:eventID lido:source="local" lido:type="subjectEvent">-1</lido:eventID>
 
      <lido:eventType>
      <lido:conceptID lido:source="local" lido:type="subjectEvent">-1</lido:conceptID>
 
      <lido:term>La Hogue, Battle of, 1692</lido:term>
 
      </lido:eventType>
      </lido:event>
     </lido:subjectEvent>
        
       
           
     
     <lido:subjectPlace>
      <lido:displayPlace>Manche</lido:displayPlace>
      <lido:place lido:geographicalEntity="geographic location">
      <lido:placeID lido:source="TGN" lido:type="subjectPlace">7002966</lido:placeID>
      <lido:namePlaceSet>
      <lido:appellationValue>Manche</lido:appellationValue>
      </lido:namePlaceSet>
 
      <lido:gml>
      <gml:Point>
       <gml:coordinates>49.0000, -1.1660</gml:coordinates>
      </gml:Point>
      </lido:gml>
      </lido:place>
     </lido:subjectPlace>
        
       
           
     
     <lido:subjectPlace>
      <lido:displayPlace>Europe</lido:displayPlace>
      <lido:place lido:geographicalEntity="geographic location">
      <lido:placeID lido:source="TGN" lido:type="subjectPlace">1000003</lido:placeID>
      <lido:namePlaceSet>
      <lido:appellationValue>Europe</lido:appellationValue>
      </lido:namePlaceSet>
 
      <lido:gml>
      <gml:Point>
       <gml:coordinates>0.0000, 0.0000</gml:coordinates>
      </gml:Point>
      </lido:gml>
      </lido:place>
     </lido:subjectPlace>
        
       
           
     
     <lido:subjectPlace>
      <lido:displayPlace>France</lido:displayPlace>
      <lido:place lido:geographicalEntity="geographic location">
      <lido:placeID lido:source="TGN" lido:type="subjectPlace">1000070</lido:placeID>
      <lido:namePlaceSet>
      <lido:appellationValue>France</lido:appellationValue>
      </lido:namePlaceSet>
 
      <lido:gml>
      <gml:Point>
       <gml:coordinates>46.0000, 2.0000</gml:coordinates>
      </gml:Point>
      </lido:gml>
      </lido:place>
     </lido:subjectPlace>
        
       
           
     
     <lido:subjectPlace>
      <lido:displayPlace>Basse-Normandie</lido:displayPlace>
      <lido:place lido:geographicalEntity="geographic location">
      <lido:placeID lido:source="TGN" lido:type="subjectPlace">7002872</lido:placeID>
      <lido:namePlaceSet>
      <lido:appellationValue>Basse-Normandie</lido:appellationValue>
      </lido:namePlaceSet>
 
      <lido:gml>
      <gml:Point>
       <gml:coordinates>49.0000, -1.0000</gml:coordinates>
      </gml:Point>
      </lido:gml>
      </lido:place>
     </lido:subjectPlace>
        
       
           
     
     <lido:subjectPlace>
      <lido:displayPlace>La Hogue</lido:displayPlace>
      <lido:place lido:geographicalEntity="geographic location">
      <lido:placeID lido:source="TGN" lido:type="subjectPlace">6003293</lido:placeID>
      <lido:namePlaceSet>
      <lido:appellationValue>La Hogue</lido:appellationValue>
      </lido:namePlaceSet>
 
      <lido:gml>
      <gml:Point>
       <gml:coordinates>0.0000, 0.0000</gml:coordinates>
      </gml:Point>
      </lido:gml>
      </lido:place>
     </lido:subjectPlace>
        
       
          
     <lido:subjectObject>
      <lido:displayObject>Soleil Royal </lido:displayObject>
      <lido:object>
       <lido:objectWebResource></lido:objectWebResource>
       <lido:objectID lido:type="local"></lido:objectID>
      </lido:object>
     </lido:subjectObject>
        
         
   </lido:subject>
   </lido:subjectSet>
   </lido:subjectWrap>
     
 
    
            <lido:relatedWorksWrap>
       
      
    <lido:relatedWorkSet>
     <lido:relatedWork>
      <lido:displayObject>Helmut von Erffa, /The paintings of Benjamin West, /Yale University Press, New Haven, 1986, p. 210, no. 90-91, NJ18 W52 A12 E73  + OVERSIZE (YCBA)  </lido:displayObject>
     <lido:object>
      <lido:objectWebResource/>
      
      <lido:objectID lido:type="local" lido:source="LC Call Number">NJ18 W52 A12 E73  + OVERSIZE (YCBA)</lido:objectID>
      
      <lido:objectID lido:type="local" lido:source="OCLC Number">12665136</lido:objectID>
      
      
      
      
      
      
      
      
      
      
      
      
      
      <lido:objectID lido:type="local" lido:source="YCBA">754</lido:objectID>
      <lido:objectNote> Helmut von Erffa, The paintings of Benjamin West, Yale University Press, New Haven, 1986, p. 210, no. 90-91, NJ18 W52 A12 E73  + OVERSIZE (YCBA)   </lido:objectNote>
     </lido:object>
     </lido:relatedWork>
     <lido:relatedWorkRelType>
      <lido:conceptID  lido:type="local" lido:source="publication"></lido:conceptID>
       <lido:term>related to</lido:term>
     </lido:relatedWorkRelType>
    </lido:relatedWorkSet>
 
     
    
    
      
    <lido:relatedWorkSet>
     <lido:relatedWork>
      <lido:displayObject>Allen  Staley, /Benjamin West , Raphael West and the Floating Batteries, /Burlington Magazine, vol. 155, no. 1321, April 2013, pp. 244, 245, 246, fig. 36, N1 B87 (LC)+ OVERSIZE (YCBA)  </lido:displayObject>
     <lido:object>
      <lido:objectWebResource/>
      
      
      
      
      
      <lido:objectID lido:type="local" lido:source="OCLC Number">05461534</lido:objectID>
      
      <lido:objectID lido:type="local" lido:source="LC Call Number">N1 B87 (LC)+ OVERSIZE (YCBA)</lido:objectID>
      
      
      
      
      
      
      
      
      
      <lido:objectID lido:type="local" lido:source="YCBA">2816</lido:objectID>
      <lido:objectNote> Allen  Staley, Benjamin West , Raphael West and the Floating Batteries, Burlington Magazine, vol. 155, no. 1321, April 2013, pp. 244, 245, 246, fig. 36, N1 B87 (LC)+ OVERSIZE (YCBA)   </lido:objectNote>
     </lido:object>
     </lido:relatedWork>
     <lido:relatedWorkRelType>
      <lido:conceptID  lido:type="local" lido:source="publication"></lido:conceptID>
       <lido:term>related to</lido:term>
     </lido:relatedWorkRelType>
    </lido:relatedWorkSet>
 
     
    
    
      
    <lido:relatedWorkSet>
     <lido:relatedWork>
      <lido:displayObject>Robert C. Alberts, /Benjamin West : a biography, /Houghton Mifflin Company, Boston, 1978, pp. 127, 132, 145, 153, 165, 182, 326, 390, 397, p. 1 in unnumered plate section  between pp. 270 and 271, NJ18 W52 A6  (YCBA)  </lido:displayObject>
     <lido:object>
      <lido:objectWebResource/>
      
      
      
      
      
      
      
      
      
      <lido:objectID lido:type="local" lido:source="LC Call Number">NJ18 W52 A6  (YCBA)</lido:objectID>
      
      <lido:objectID lido:type="local" lido:source="OCLC Number">04003948</lido:objectID>
      
      
      
      
      
      <lido:objectID lido:type="local" lido:source="YCBA">3577</lido:objectID>
      <lido:objectNote> Robert C. Alberts, Benjamin West : a biography, Houghton Mifflin Company, Boston, 1978, pp. 127, 132, 145, 153, 165, 182, 326, 390, 397, p. 1 in unnumered plate section  between pp. 270 and 271, NJ18 W52 A6  (YCBA)   </lido:objectNote>
     </lido:object>
     </lido:relatedWork>
     <lido:relatedWorkRelType>
      <lido:conceptID  lido:type="local" lido:source="publication"></lido:conceptID>
       <lido:term>related to</lido:term>
     </lido:relatedWorkRelType>
    </lido:relatedWorkSet>
 
     
    
    
      
    <lido:relatedWorkSet>
     <lido:relatedWork>
      <lido:displayObject>Trish Waters, /Benjamin West, American Painter at the  English Court, /Baltimore Museum of Art, 1989, p. 61, no. 21, NJ18 W52 S72 (oversize)  </lido:displayObject>
     <lido:object>
      <lido:objectWebResource/>
      
      
      
      
      
      
      
      
      
      
      
      
      
      <lido:objectID lido:type="local" lido:source="OCLC Number">189888638</lido:objectID>
      
      <lido:objectID lido:type="local" lido:source="LC Call Number">NJ18 W52 S72 (oversize)</lido:objectID>
      
      <lido:objectID lido:type="local" lido:source="YCBA">3589</lido:objectID>
      <lido:objectNote> Trish Waters, Benjamin West, American Painter at the  English Court, Baltimore Museum of Art, 1989, p. 61, no. 21, NJ18 W52 S72 (oversize)   </lido:objectNote>
     </lido:object>
     </lido:relatedWork>
     <lido:relatedWorkRelType>
      <lido:conceptID  lido:type="local" lido:source="publication"></lido:conceptID>
       <lido:term>related to</lido:term>
     </lido:relatedWorkRelType>
    </lido:relatedWorkSet>
 
     
    
    
    
   </lido:relatedWorksWrap>
  </lido:objectRelationWrap>
  
 </lido:descriptiveMetadata>
 
 
 
<lido:administrativeMetadata xml:lang="eng">
    
    <lido:rightsWorkWrap>
        <lido:rightsWorkSet>
            <lido:rightsType>
                <lido:conceptID lido:source="YCBA" lido:type="local" lido:label="object ownership">500303557</lido:conceptID>
                
            </lido:rightsType>
            
            <lido:rightsHolder>   
              
    <lido:legalBodyID lido:type="">500303557</lido:legalBodyID>
   
   
                <lido:legalBodyName>
                    <lido:appellationValue>Yale Center for British Art</lido:appellationValue>
  
                </lido:legalBodyName>
                <lido:legalBodyWeblink>http://collection.britishart.yale.edu/id/page/thesauri/ULAN/500303557</lido:legalBodyWeblink>
 
            </lido:rightsHolder>
            
            <lido:creditLine>Yale Center for British Art, Paul Mellon Fund</lido:creditLine>
        </lido:rightsWorkSet>
        
        
        <lido:rightsWorkSet>
            <lido:rightsType>
                <lido:conceptID lido:source="YCBA" lido:type="local" lido:label="object copyright">300055611</lido:conceptID>
                <lido:term>public domain</lido:term>
   
    <lido:term lido:label="url">http://hdl.handle.net/10079/w6m90dq</lido:term>
            </lido:rightsType>
            
            <lido:rightsHolder>
                <lido:legalBodyID lido:type="local" lido:label="Rights Administrator"></lido:legalBodyID>
  
                
                <lido:legalBodyName>
                    <lido:appellationValue></lido:appellationValue>
         
                </lido:legalBodyName>
                
                <lido:legalBodyWeblink></lido:legalBodyWeblink>
  
            </lido:rightsHolder>
            
            <lido:rightsHolder>
                <lido:legalBodyID lido:type="local" lido:label="Rights Holder"></lido:legalBodyID>
  
    
                <lido:legalBodyName>
                    <lido:appellationValue></lido:appellationValue>
     
                </lido:legalBodyName>
                
                <lido:legalBodyWeblink></lido:legalBodyWeblink>
   
            </lido:rightsHolder>
            
            <lido:creditLine>Public Domain</lido:creditLine>
                
           </lido:rightsWorkSet>
             
                
    </lido:rightsWorkWrap>
    
    <lido:recordWrap>
        
        <lido:recordID lido:type="local">61431</lido:recordID>
        
        <lido:recordType>
            <lido:conceptID lido:source="AAT" lido:type="local">300133025</lido:conceptID>
            <lido:term>Item</lido:term>
       
        </lido:recordType>
 
        
        <lido:recordSource>
            <lido:legalBodyID lido:type="local">Yale Center for British Art</lido:legalBodyID>
            <lido:legalBodyName>
                <lido:appellationValue>Yale Center for British Art</lido:appellationValue>
            </lido:legalBodyName>
            <lido:legalBodyWeblink>http://britishart.yale.edu</lido:legalBodyWeblink>
        </lido:recordSource>
        
        
        <lido:recordInfoSet>
            <lido:recordInfoLink lido:formatResource="html">http://collections.britishart.yale.edu/vufind/Record/1670323</lido:recordInfoLink>
        </lido:recordInfoSet>
        
        <lido:recordInfoSet>
            <lido:recordInfoID lido:type="url" lido:source="YCBA">oai:tms.ycba.yale.edu:61431</lido:recordInfoID>
        </lido:recordInfoSet>
        
    </lido:recordWrap>
    
    <lido:resourceWrap>
        <lido:resourceSet>
            
            <lido:resourceRepresentation lido:type="thumb">
                <lido:linkResource lido:formatResource="jpg">
                    
                    http://deliver.odai.yale.edu/content/repository/YCBA/object/61431/type/2/format/1
                    
                    
                    
                    
                </lido:linkResource>
            </lido:resourceRepresentation>
            <lido:resourceRepresentation lido:type="large">
                <lido:linkResource lido:formatResource="jpg">
                    http://deliver.odai.yale.edu/content/repository/YCBA/object/61431/type/2/format/3
                </lido:linkResource>
            </lido:resourceRepresentation>
            <lido:resourceRepresentation lido:type="list">
                <lido:linkResource lido:formatResource="json">
                    http://deliver.odai.yale.edu/info/repository/YCBA/object/61431/type/2?output=jsonp&amp;callback=?
                </lido:linkResource>
            </lido:resourceRepresentation>
            <lido:resourceRepresentation lido:type="original">
                <lido:linkResource lido:formatResource="tif">
                    http://deliver.odai.yale.edu/content/repository/YCBA/object/61431/type/2/format/6
                </lido:linkResource>
            </lido:resourceRepresentation>
            
            <lido:resourceType>
                <lido:term>digital image</lido:term>
            </lido:resourceType>
            
            <lido:resourceSource lido:type="image source">
                <lido:legalBodyName>
                    <lido:appellationValue>Yale Center for British Art</lido:appellationValue>
                </lido:legalBodyName>
                <lido:legalBodyWeblink>http://collection.britishart.yale.edu/id/page/thesauri/ULAN/500303557</lido:legalBodyWeblink>
  
            </lido:resourceSource>
            
            <lido:rightsResource>
                <lido:rightsType>
                    <lido:conceptID lido:source="" lido:type="url">http://hdl.handle.net/10079/gb5mkww</lido:conceptID>
                  
                    <lido:term>image use terms</lido:term>
                </lido:rightsType>
                
                
                
                <lido:rightsHolder>
                   
                    <lido:legalBodyName>
                        <lido:appellationValue></lido:appellationValue>
                    </lido:legalBodyName>
                </lido:rightsHolder>
    <lido:creditLine lido:label="image restrictions"></lido:creditLine>
            </lido:rightsResource>
        </lido:resourceSet>
    </lido:resourceWrap>
</lido:administrativeMetadata>
  
</lido:lido>
</metadata>
</record>
